\c bowling_league_modify;

INSERT INTO tournaments
    (tourney_id, tourney_date, tourney_location)
VALUES
    (1, '2012-09-04', 'Red rooster lanes'),
    (2, '2012-09-11', 'Thunderbird lanes'),
    (3, '2012-09-18', 'Bolero lanes'),
    (4, '2012-09-25', 'Imperial lanes'),
    (5, '2012-10-02', 'Sports world lanes'),
    (6, '2012-10-09', 'Totem lanes'),
    (7, '2012-10-16', 'Acapulco lanes'),
    (8, '2012-10-23', 'Red rooster lanes'),
    (9, '2012-10-30', 'Thunderbird lanes'),
    (10, '2012-11-06', 'Bolero lanes'),
    (11, '2012-11-13', 'Imperial lanes'),
    (12, '2012-11-20', 'Sports world lanes'),
    (13, '2012-11-27', 'Totem lanes'),
    (14, '2012-12-04', 'Acapulco lanes'),
    (15, '2013-07-12', 'Red rooster lanes'),
    (16, '2013-07-19', 'Thunderbird lanes'),
    (17, '2013-07-26', 'Bolero lanes'),
    (18, '2013-08-02', 'Sports world lanes'),
    (19, '2013-08-09', 'Imperial lanes'),
    (20, '2013-08-16', 'Totem lanes');

INSERT INTO bowlers
    (bowler_id, bowler_last_name, bowler_first_name, bowler_middle_init,
   bowler_address, bowler_city, bowler_state, bowler_zip,
   bowler_phone_number, team_id, bowler_total_pins, bowler_games_bowled,
   bowler_current_average, bowler_current_hcp)
VALUES
    (1, 'Fournier', 'Barbara', NULL, '67 willow drive',
   'Bothell', 'WA', '98014', '(206) 555-9876', NULL,
   5790, 39, 148, 47),
    (2, 'Fournier', 'David', NULL, '67 willow drive',
   'Bothell', 'WA', '98014', '(206) 555-9876', NULL,
   6152, 39, 158, 38),
    (3, 'Kennedy', 'John', 'A', '2957 W 33rd',
   'Ballard', 'WA', '98154', '(206) 555-7854', NULL,
   6435, 39, 165, 32),
    (4, 'Sheskey', 'Sara', 'J', '17950 N 59th',
   'Seattle', 'WA', '98011', '(206) 555-9893', NULL,
   5534, 39, 142, 52),
    (5, 'Patterson', 'Ann', 'K', '16 maple lane',
   'Auburn', 'WA', '98002', '(206) 555-3487', NULL,
   5819, 39, 149, 46),
    (6, 'Patterson', 'Neil', NULL, '16 maple lane',
   'Auburn', 'WA', '98002', '(206) 555-3487', NULL,
   6150, 39, 158, 38),
    (7, 'Viescas', 'David', 'A', '16679 NE 42nd court',
   'Redmond', 'WA', '98052', '(206) 882-8878', NULL,
   6607, 39, 169, 28),
    (8, 'Viescas', 'Stephanie', NULL, '16679 NE 42nd court',
   'Redmond', 'WA', '98052', '(206) 882-8878', NULL,
   5558, 39, 143, 51),
    (9, 'Black', 'Alastair', NULL, '4726 - 11th ave. N.E.',
   'Seattle', 'WA', '98105', '(206) 555-1189', NULL,
   5874, 39, 151, 44),
    (10, 'Cunningham', 'David', NULL, '4110 old redmond rd.',
   'Redmond', 'WA', '98052', '(206) 555-8122', NULL,
   6184, 39, 159, 37),
    (11, 'Kennedy', 'Angel', NULL, '2957 W 33rd',
   'Ballard', 'WA', '98154', '(206) 555-7854', NULL,
   6372, 39, 163, 33),
    (12, 'Viescas', 'Carol', 'M', '16345 NE 32nd street',
   'Bellevue', 'WA', '98004', '(206) 555-7295', NULL,
   5560, 39, 143, 51),
    (13, 'Hallmark', 'Elizabeth', NULL, 'Route 2, box 203_b',
   'Woodinville', 'WA', '98072', '(206) 555-8990',
   NULL, 5928, 39, 152, 43),
    (14, 'Hallmark', 'Gary', NULL, 'Route 2, box 203_b',
   'Woodinville', 'WA', '98072', '(206) 555-8990',
   NULL, 6116, 39, 157, 39),
    (15, 'Patterson', 'Kathryn', NULL, '16 maple lane',
   'Auburn', 'WA', '98002', '(206) 555-3487', NULL,
   6313, 39, 162, 34),
    (16, 'Sheskey', 'Richard', NULL, '17950 N 59th',
   'Seattle', 'WA', '98011', '(206) 555-9893', NULL,
   5549, 39, 142, 52),
    (17, 'Hernandez', 'Kendra', NULL, '47 harvard drive',
   'Kirkland', 'WA', '98033', '(206) 889-9191', NULL,
   5854, 39, 150, 45),
    (18, 'Hernandez', 'Michael', NULL, '47 harvard drive',
   'Kirkland', 'WA', '98033', '(206) 889-9191', NULL,
   6125, 39, 157, 39),
    (19, 'Viescas', 'John', 'L', '218 main street',
   'Redmond', 'WA', '98052', '(206) 881-5596', NULL,
   6581, 39, 169, 28),
    (20, 'Viescas', 'Suzanne', 'L', '218 main street',
   'Redmond', 'WA', '98052', '(206) 881-5596', NULL,
   5589, 39, 143, 51),
    (21, 'Ehrlich', 'Zachary', NULL, '507 - 20th ave. E.',
   'Seattle', 'WA', '98122', '(206) 555-9857', NULL,
   5767, 39, 148, 47),
    (22, 'Hallmark', 'Alaina', NULL, 'Route 2, box 203_b',
   'Woodinville', 'WA', '98072', '(206) 555-8990',
   NULL, 6147, 39, 158, 38),
    (23, 'Viescas', 'Caleb', NULL, '16679 NE 42nd court',
   'Redmond', 'WA', '98052', '(206) 882-8878', NULL,
   6422, 39, 165, 32),
    (24, 'Thompson', 'Sarah', 'L', '122 spring valley drive',
   'Duvall', 'WA', '98019', '(206) 555-8989', NULL,
   6589, 39, 169, 28),
    (25, 'Patterson', 'Megan', NULL, '16 maple lane',
   'Auburn', 'WA', '98002', '(206) 555-3487', NULL,
   5843, 39, 150, 45),
    (26, 'Thompson', 'Mary', 'K', '122 spring valley drive',
   'Duvall', 'WA', '98019', '(206) 555-8989', NULL,
   6137, 39, 157, 39),
    (27, 'Thompson', 'William', 'G', '122 spring valley drive',
   'Duvall', 'WA', '98019', '(206) 555-8989', NULL,
   6532, 39, 167, 30),
    (28, 'Viescas', 'Michael', 'L', '218 main street',
   'Redmond', 'WA', '98052', '(206) 881-5596', NULL,
   5575, 39, 143, 51),
    (29, 'Hallmark', 'Bailey', NULL, 'Route 2, box 203_b',
   'Woodinville', 'WA', '98072', '(206) 555-8990',
   NULL, 5848, 39, 150, 45),
    (30, 'Patterson', 'Rachel', NULL, '16 maple lane',
   'Auburn', 'WA', '98002', '(206) 555-3487', NULL,
   6126, 39, 157, 39),
    (31, 'Pundt', 'Steve', NULL, '722 moss bay blvd.',
   'Kirkland', 'WA', '98033', '(206) 555-3412', NULL,
   6387, 39, 164, 32),
    (32, 'Rosales', 'Joe', NULL, '908 W. capital way',
   'Tacoma', 'WA', '98404', '(206) 555-9482', NULL,
   5525, 39, 142, 52),
    (33, 'Patterson', 'Kerry', NULL, '16 maple lane',
   'Auburn', 'WA', '98002', '(206) 555-3487', NULL,
   0, 0, 0, 0),
    (34, 'Patterson', 'Maria', NULL, '16 maple lane',
   'Auburn', 'WA', '98002', '(206) 555-3487', NULL,
   0, 0, 0, 0);

INSERT INTO teams
    (team_id, team_name, captain_id)
VALUES
    (1, 'Marlins', 2),
    (2, 'Sharks', 5),
    (3, 'Terrapins', 12),
    (4, 'Barracudas', 16),
    (5, 'Dolphins', 20),
    (6, 'Orcas', 24),
    (7, 'Manatees', 28),
    (8, 'Swordfish', 32),
    (9, 'Huckleberrys', 7),
    (10, 'Never show ups', 22);

UPDATE bowlers
SET team_id = 1
WHERE bowler_id IN (1, 2, 3, 4);

UPDATE bowlers
SET team_id = 2
WHERE bowler_id IN (5, 6, 7, 8);

UPDATE bowlers
SET team_id = 3
WHERE bowler_id IN (9, 10, 11, 12);

UPDATE bowlers
SET team_id = 4
WHERE bowler_id IN (13, 14, 15, 16);

UPDATE bowlers
SET team_id = 5
WHERE bowler_id IN (17, 18, 19, 20);

UPDATE bowlers
SET team_id = 6
WHERE bowler_id IN (21, 22, 23, 24);

UPDATE bowlers
SET team_id = 7
WHERE bowler_id IN (25, 26, 27, 28, 33, 34);

UPDATE bowlers
SET team_id = 8
WHERE bowler_id IN (29, 30, 31, 32);

INSERT INTO tourney_matches
    (match_id, tourney_id, lanes, odd_lane_team_id, even_lane_team_id)
VALUES
    (1, 1, '01-02', 1, 2),
    (2, 1, '03-04', 3, 4),
    (3, 1, '05-06', 5, 6),
    (4, 1, '07-08', 7, 8),
    (5, 2, '21-22', 3, 1),
    (6, 2, '23-24', 4, 2),
    (7, 2, '25-26', 5, 7),
    (8, 2, '27-28', 8, 6),
    (9, 3, '15-16', 2, 3),
    (10, 3, '17-18', 1, 4),
    (11, 3, '19-20', 7, 6),
    (12, 3, '21-22', 5, 8),
    (13, 4, '09-10', 1, 5),
    (14, 4, '11-12', 2, 6),
    (15, 4, '13-14', 3, 7),
    (16, 4, '15-16', 4, 8),
    (17, 5, '11-12', 6, 1),
    (18, 5, '13-14', 5, 2),
    (19, 5, '15-16', 8, 3),
    (20, 5, '17-18', 7, 4),
    (21, 6, '05-06', 1, 7),
    (22, 6, '07-08', 3, 5),
    (23, 6, '09-10', 2, 8),
    (24, 6, '11-12', 4, 6),
    (25, 7, '13-14', 8, 1),
    (26, 7, '15-16', 7, 2),
    (27, 7, '17-18', 6, 3),
    (28, 7, '19-20', 5, 4),
    (29, 8, '21-22', 1, 3),
    (30, 8, '23-24', 2, 4),
    (31, 8, '25-26', 7, 5),
    (32, 8, '27-28', 6, 8),
    (33, 9, '15-16', 3, 2),
    (34, 9, '17-18', 4, 1),
    (35, 9, '19-20', 6, 7),
    (36, 9, '21-22', 8, 5),
    (37, 10, '09-10', 5, 1),
    (38, 10, '11-12', 6, 2),
    (39, 10, '13-14', 7, 3),
    (40, 10, '15-16', 8, 4),
    (41, 11, '11-12', 1, 6),
    (42, 11, '13-14', 2, 5),
    (43, 11, '15-16', 3, 8),
    (44, 11, '17-18', 4, 7),
    (45, 12, '05-06', 7, 1),
    (46, 12, '07-08', 5, 3),
    (47, 12, '09-10', 8, 2),
    (48, 12, '11-12', 6, 4),
    (49, 13, '13-14', 1, 8),
    (50, 13, '15-16', 2, 7),
    (51, 13, '17-18', 3, 6),
    (52, 13, '19-20', 4, 5),
    (53, 14, '01-02', 2, 1),
    (54, 14, '03-04', 4, 3),
    (55, 14, '05-06', 6, 5),
    (56, 14, '07-08', 8, 7),
    (57, 11, '19-20', 10, 9);

INSERT INTO match_games
    (match_id, game_number, winning_team_id)
VALUES
    (1, 1, 1),
    (1, 2, 2),
    (1, 3, 1),
    (2, 1, 3),
    (2, 2, 4),
    (2, 3, 3),
    (3, 1, 5),
    (3, 2, 6),
    (3, 3, 5),
    (4, 1, 7),
    (4, 2, 8),
    (4, 3, 7),
    (5, 1, 3),
    (5, 2, 1),
    (5, 3, 3),
    (6, 1, 4),
    (6, 2, 2),
    (6, 3, 4),
    (7, 1, 5),
    (7, 2, 7),
    (7, 3, 5),
    (8, 1, 8),
    (8, 2, 6),
    (8, 3, 8),
    (9, 1, 2),
    (9, 2, 3),
    (9, 3, 2),
    (10, 1, 1),
    (10, 2, 4),
    (10, 3, 1),
    (11, 1, 7),
    (11, 2, 6),
    (11, 3, 7),
    (12, 1, 5),
    (12, 2, 8),
    (12, 3, 5),
    (13, 1, 1),
    (13, 2, 5),
    (13, 3, 1),
    (14, 1, 2),
    (14, 2, 6),
    (14, 3, 2),
    (15, 1, 3),
    (15, 2, 7),
    (15, 3, 3),
    (16, 1, 4),
    (16, 2, 8),
    (16, 3, 4),
    (17, 1, 6),
    (17, 2, 1),
    (17, 3, 6),
    (18, 1, 5),
    (18, 2, 2),
    (18, 3, 5),
    (19, 1, 8),
    (19, 2, 3),
    (19, 3, 8),
    (20, 1, 7),
    (20, 2, 4),
    (20, 3, 7),
    (21, 1, 1),
    (21, 2, 7),
    (21, 3, 1),
    (22, 1, 3),
    (22, 2, 5),
    (22, 3, 3),
    (23, 1, 2),
    (23, 2, 8),
    (23, 3, 2),
    (24, 1, 4),
    (24, 2, 6),
    (24, 3, 4),
    (25, 1, 8),
    (25, 2, 1),
    (25, 3, 8),
    (26, 1, 7),
    (26, 2, 2),
    (26, 3, 7),
    (27, 1, 6),
    (27, 2, 3),
    (27, 3, 6),
    (28, 1, 5),
    (28, 2, 4),
    (28, 3, 5),
    (29, 1, 1),
    (29, 2, 3),
    (29, 3, 1),
    (30, 1, 2),
    (30, 2, 4),
    (30, 3, 2),
    (31, 1, 7),
    (31, 2, 5),
    (31, 3, 7),
    (32, 1, 6),
    (32, 2, 8),
    (32, 3, 6),
    (33, 1, 3),
    (33, 2, 2),
    (33, 3, 3),
    (34, 1, 4),
    (34, 2, 1),
    (34, 3, 4),
    (35, 1, 6),
    (35, 2, 7),
    (35, 3, 6),
    (36, 1, 8),
    (36, 2, 5),
    (36, 3, 8),
    (37, 1, 5),
    (37, 2, 1),
    (37, 3, 5),
    (38, 1, 6),
    (38, 2, 2),
    (38, 3, 6),
    (39, 1, 7),
    (39, 2, 3),
    (39, 3, 7),
    (40, 1, 8),
    (40, 2, 4),
    (40, 3, 8),
    (41, 1, 1),
    (41, 2, 6),
    (41, 3, 1),
    (42, 1, 2),
    (42, 2, 5),
    (42, 3, 2),
    (43, 1, 3),
    (43, 2, 8),
    (43, 3, 3),
    (44, 1, 4),
    (44, 2, 7),
    (44, 3, 4),
    (45, 1, 7),
    (45, 2, 1),
    (45, 3, 7),
    (46, 1, 5),
    (46, 2, 3),
    (46, 3, 5),
    (47, 1, 8),
    (47, 2, 2),
    (47, 3, 8),
    (48, 1, 6),
    (48, 2, 4),
    (48, 3, 6),
    (49, 1, 1),
    (49, 2, 8),
    (49, 3, 1),
    (50, 1, 2),
    (50, 2, 7),
    (50, 3, 2),
    (51, 1, 3),
    (51, 2, 6),
    (51, 3, 3),
    (52, 1, 4),
    (52, 2, 5),
    (52, 3, 4),
    (53, 1, 2),
    (53, 2, 1),
    (53, 3, 2),
    (54, 1, 4),
    (54, 2, 3),
    (54, 3, 4),
    (55, 1, 6),
    (55, 2, 5),
    (55, 3, 6),
    (56, 1, 8),
    (56, 2, 7),
    (56, 3, 8);

INSERT INTO bowler_scores
    (match_id, game_number, bowler_id, raw_score, handi_cap_score,
   won_game)
VALUES
    (1, 1, 1, 146, 192, 0::bit),
    (1, 1, 2, 166, 205, 1::bit),
    (1, 1, 3, 140, 171, 0::bit),
    (1, 1, 4, 146, 198, 0::bit),
    (1, 1, 5, 157, 203, 1::bit),
    (1, 1, 6, 160, 198, 0::bit),
    (1, 1, 7, 170, 199, 1::bit),
    (1, 1, 8, 150, 202, 1::bit),
    (1, 2, 1, 146, 192, 0::bit),
    (1, 2, 2, 135, 174, 0::bit),
    (1, 2, 3, 156, 187, 1::bit),
    (1, 2, 4, 143, 195, 1::bit),
    (1, 2, 5, 149, 195, 1::bit),
    (1, 2, 6, 152, 190, 1::bit),
    (1, 2, 7, 158, 187, 1::bit),
    (1, 2, 8, 136, 188, 0::bit),
    (1, 3, 1, 153, 199, 1::bit),
    (1, 3, 2, 177, 216, 1::bit),
    (1, 3, 3, 191, 222, 1::bit),
    (1, 3, 4, 148, 200, 1::bit),
    (1, 3, 5, 139, 185, 0::bit),
    (1, 3, 6, 142, 180, 0::bit),
    (1, 3, 7, 192, 221, 0::bit),
    (1, 3, 8, 148, 200, 1::bit),
    (2, 1, 9, 146, 191, 1::bit),
    (2, 1, 10, 154, 190, 1::bit),
    (2, 1, 11, 168, 201, 1::bit),
    (2, 1, 12, 136, 188, 0::bit),
    (2, 1, 13, 143, 186, 0::bit),
    (2, 1, 14, 142, 181, 0::bit),
    (2, 1, 15, 137, 171, 0::bit),
    (2, 1, 16, 143, 195, 1::bit),
    (2, 2, 9, 138, 183, 0::bit),
    (2, 2, 10, 171, 207, 1::bit),
    (2, 2, 11, 180, 213, 1::bit),
    (2, 2, 12, 145, 197, 1::bit),
    (2, 2, 13, 155, 198, 1::bit),
    (2, 2, 14, 166, 205, 0::bit),
    (2, 2, 15, 155, 189, 0::bit),
    (2, 2, 16, 139, 191, 0::bit),
    (2, 3, 9, 161, 206, 1::bit),
    (2, 3, 10, 172, 208, 1::bit),
    (2, 3, 11, 186, 219, 1::bit),
    (2, 3, 12, 136, 188, 0::bit),
    (2, 3, 13, 162, 205, 0::bit),
    (2, 3, 14, 137, 176, 0::bit),
    (2, 3, 15, 163, 197, 0::bit),
    (2, 3, 16, 143, 195, 1::bit),
    (3, 1, 17, 159, 205, 1::bit),
    (3, 1, 18, 176, 215, 1::bit),
    (3, 1, 19, 147, 176, 0::bit),
    (3, 1, 20, 143, 194, 1::bit),
    (3, 1, 21, 154, 201, 0::bit),
    (3, 1, 22, 173, 211, 0::bit),
    (3, 1, 23, 146, 178, 1::bit),
    (3, 1, 24, 164, 192, 0::bit),
    (3, 2, 17, 165, 211, 1::bit),
    (3, 2, 18, 164, 203, 1::bit),
    (3, 2, 19, 168, 197, 0::bit),
    (3, 2, 20, 137, 188, 1::bit),
    (3, 2, 21, 157, 204, 0::bit),
    (3, 2, 22, 157, 195, 0::bit),
    (3, 2, 23, 182, 214, 1::bit),
    (3, 2, 24, 160, 188, 1::bit),
    (3, 3, 17, 149, 195, 1::bit),
    (3, 3, 18, 160, 199, 0::bit),
    (3, 3, 19, 185, 214, 0::bit),
    (3, 3, 20, 141, 192, 1::bit),
    (3, 3, 21, 137, 184, 0::bit),
    (3, 3, 22, 180, 218, 1::bit),
    (3, 3, 23, 187, 219, 1::bit),
    (3, 3, 24, 163, 191, 0::bit),
    (4, 1, 25, 157, 202, 1::bit),
    (4, 1, 26, 143, 182, 0::bit),
    (4, 1, 27, 140, 170, 0::bit),
    (4, 1, 28, 143, 194, 0::bit),
    (4, 1, 29, 138, 183, 0::bit),
    (4, 1, 30, 176, 215, 1::bit),
    (4, 1, 31, 151, 184, 1::bit),
    (4, 1, 32, 148, 200, 1::bit),
    (4, 2, 25, 138, 183, 0::bit),
    (4, 2, 26, 147, 186, 0::bit),
    (4, 2, 27, 172, 202, 1::bit),
    (4, 2, 28, 147, 198, 1::bit),
    (4, 2, 29, 143, 188, 1::bit),
    (4, 2, 30, 167, 206, 1::bit),
    (4, 2, 31, 146, 179, 0::bit),
    (4, 2, 32, 141, 193, 0::bit),
    (4, 3, 25, 155, 200, 0::bit),
    (4, 3, 26, 148, 187, 1::bit),
    (4, 3, 27, 167, 197, 0::bit),
    (4, 3, 28, 140, 191, 0::bit),
    (4, 3, 29, 163, 208, 1::bit),
    (4, 3, 30, 143, 182, 0::bit),
    (4, 3, 31, 182, 215, 1::bit),
    (4, 3, 32, 148, 200, 1::bit),
    (5, 1, 1, 145, 192, 0::bit),
    (5, 1, 2, 148, 185, 1::bit),
    (5, 1, 3, 181, 215, 1::bit),
    (5, 1, 4, 139, 188, 0::bit),
    (5, 1, 9, 147, 194, 1::bit),
    (5, 1, 10, 147, 178, 0::bit),
    (5, 1, 11, 158, 178, 0::bit),
    (5, 1, 12, 147, 202, 1::bit),
    (5, 2, 1, 137, 184, 0::bit),
    (5, 2, 2, 140, 177, 0::bit),
    (5, 2, 3, 158, 192, 1::bit),
    (5, 2, 4, 139, 188, 0::bit),
    (5, 2, 9, 146, 193, 1::bit),
    (5, 2, 10, 167, 198, 1::bit),
    (5, 2, 11, 144, 164, 0::bit),
    (5, 2, 12, 143, 198, 1::bit),
    (5, 3, 1, 152, 199, 1::bit),
    (5, 3, 2, 144, 181, 0::bit),
    (5, 3, 3, 175, 209, 1::bit),
    (5, 3, 4, 138, 187, 0::bit),
    (5, 3, 9, 148, 195, 0::bit),
    (5, 3, 10, 178, 209, 1::bit),
    (5, 3, 11, 158, 178, 0::bit),
    (5, 3, 12, 137, 192, 1::bit),
    (6, 1, 5, 164, 211, 1::bit),
    (6, 1, 6, 179, 223, 1::bit),
    (6, 1, 7, 181, 205, 0::bit),
    (6, 1, 8, 146, 196, 0::bit),
    (6, 1, 13, 164, 206, 0::bit),
    (6, 1, 14, 164, 211, 0::bit),
    (6, 1, 15, 180, 223, 1::bit),
    (6, 1, 16, 149, 201, 1::bit),
    (6, 2, 5, 138, 185, 0::bit),
    (6, 2, 6, 164, 208, 1::bit),
    (6, 2, 7, 183, 207, 0::bit),
    (6, 2, 8, 149, 199, 0::bit),
    (6, 2, 13, 165, 207, 1::bit),
    (6, 2, 14, 156, 203, 0::bit),
    (6, 2, 15, 177, 220, 1::bit),
    (6, 2, 16, 149, 201, 1::bit),
    (6, 3, 5, 165, 212, 1::bit),
    (6, 3, 6, 136, 180, 0::bit),
    (6, 3, 7, 178, 202, 1::bit),
    (6, 3, 8, 138, 188, 1::bit),
    (6, 3, 13, 151, 193, 0::bit),
    (6, 3, 14, 147, 194, 1::bit),
    (6, 3, 15, 158, 201, 0::bit),
    (6, 3, 16, 136, 188, 1::bit),
    (7, 1, 17, 139, 177, 0::bit),
    (7, 1, 18, 142, 172, 0::bit),
    (7, 1, 19, 189, 219, 1::bit),
    (7, 1, 20, 138, 192, 0::bit),
    (7, 1, 25, 143, 188, 1::bit),
    (7, 1, 26, 180, 229, 1::bit),
    (7, 1, 27, 167, 203, 0::bit),
    (7, 1, 28, 148, 199, 1::bit),
    (7, 2, 17, 157, 195, 1::bit),
    (7, 2, 18, 143, 173, 0::bit),
    (7, 2, 19, 176, 206, 0::bit),
    (7, 2, 20, 141, 195, 0::bit),
    (7, 2, 25, 139, 184, 0::bit),
    (7, 2, 26, 175, 224, 1::bit),
    (7, 2, 27, 178, 214, 1::bit),
    (7, 2, 28, 147, 198, 1::bit),
    (7, 3, 17, 155, 193, 1::bit),
    (7, 3, 18, 136, 166, 0::bit),
    (7, 3, 19, 155, 185, 1::bit),
    (7, 3, 20, 139, 193, 0::bit),
    (7, 3, 25, 143, 188, 0::bit),
    (7, 3, 26, 151, 200, 1::bit),
    (7, 3, 27, 137, 173, 0::bit),
    (7, 3, 28, 150, 201, 1::bit),
    (8, 1, 21, 145, 191, 1::bit),
    (8, 1, 22, 146, 173, 0::bit),
    (8, 1, 23, 157, 182, 0::bit),
    (8, 1, 24, 168, 196, 1::bit),
    (8, 1, 29, 140, 187, 0::bit),
    (8, 1, 30, 179, 213, 1::bit),
    (8, 1, 31, 161, 197, 1::bit),
    (8, 1, 32, 138, 187, 0::bit),
    (8, 2, 21, 148, 194, 0::bit),
    (8, 2, 22, 136, 163, 0::bit),
    (8, 2, 23, 193, 218, 0::bit),
    (8, 2, 24, 178, 206, 1::bit),
    (8, 2, 29, 156, 203, 1::bit),
    (8, 2, 30, 149, 183, 1::bit),
    (8, 2, 31, 185, 221, 1::bit),
    (8, 2, 32, 136, 185, 0::bit),
    (8, 3, 21, 136, 182, 1::bit),
    (8, 3, 22, 143, 170, 0::bit),
    (8, 3, 23, 189, 214, 1::bit),
    (8, 3, 24, 168, 197, 1::bit),
    (8, 3, 29, 135, 182, 1::bit),
    (8, 3, 30, 166, 200, 1::bit),
    (8, 3, 31, 140, 176, 0::bit),
    (8, 3, 32, 144, 193, 0::bit),
    (9, 1, 5, 137, 180, 0::bit),
    (9, 1, 6, 178, 218, 1::bit),
    (9, 1, 7, 140, 161, 0::bit),
    (9, 1, 8, 139, 189, 0::bit),
    (9, 1, 9, 164, 211, 1::bit),
    (9, 1, 10, 136, 168, 0::bit),
    (9, 1, 11, 182, 213, 1::bit),
    (9, 1, 12, 145, 198, 1::bit),
    (9, 2, 5, 149, 192, 0::bit),
    (9, 2, 6, 147, 187, 0::bit),
    (9, 2, 7, 145, 166, 0::bit),
    (9, 2, 8, 141, 191, 0::bit),
    (9, 2, 9, 158, 205, 1::bit),
    (9, 2, 10, 167, 199, 1::bit),
    (9, 2, 11, 176, 207, 1::bit),
    (9, 2, 12, 139, 192, 1::bit),
    (9, 3, 5, 162, 205, 1::bit),
    (9, 3, 6, 141, 181, 0::bit),
    (9, 3, 7, 144, 165, 0::bit),
    (9, 3, 8, 149, 199, 1::bit),
    (9, 3, 9, 144, 191, 0::bit),
    (9, 3, 10, 158, 190, 1::bit),
    (9, 3, 11, 158, 189, 1::bit),
    (9, 3, 12, 135, 188, 0::bit),
    (10, 1, 1, 140, 189, 1::bit),
    (10, 1, 2, 141, 184, 0::bit),
    (10, 1, 3, 189, 219, 1::bit),
    (10, 1, 4, 143, 195, 0::bit),
    (10, 1, 13, 150, 189, 1::bit),
    (10, 1, 14, 150, 193, 1::bit),
    (10, 1, 15, 181, 215, 0::bit),
    (10, 1, 16, 145, 196, 1::bit),
    (10, 2, 1, 137, 186, 0::bit),
    (10, 2, 2, 163, 206, 1::bit),
    (10, 2, 3, 135, 165, 0::bit),
    (10, 2, 4, 147, 199, 1::bit),
    (10, 2, 13, 153, 192, 1::bit),
    (10, 2, 14, 154, 197, 0::bit),
    (10, 2, 15, 169, 203, 1::bit),
    (10, 2, 16, 138, 189, 0::bit),
    (10, 3, 1, 161, 210, 1::bit),
    (10, 3, 2, 167, 210, 1::bit),
    (10, 3, 3, 175, 205, 1::bit),
    (10, 3, 4, 140, 192, 0::bit),
    (10, 3, 13, 143, 182, 0::bit),
    (10, 3, 14, 157, 200, 0::bit),
    (10, 3, 15, 153, 187, 0::bit),
    (10, 3, 16, 142, 193, 1::bit),
    (11, 1, 21, 146, 195, 0::bit),
    (11, 1, 22, 174, 214, 1::bit),
    (11, 1, 23, 164, 186, 0::bit),
    (11, 1, 24, 169, 196, 1::bit),
    (11, 1, 25, 158, 207, 1::bit),
    (11, 1, 26, 159, 198, 0::bit),
    (11, 1, 27, 195, 231, 1::bit),
    (11, 1, 28, 138, 187, 0::bit),
    (11, 2, 21, 154, 203, 0::bit),
    (11, 2, 22, 140, 180, 0::bit),
    (11, 2, 23, 140, 162, 0::bit),
    (11, 2, 24, 175, 202, 1::bit),
    (11, 2, 25, 158, 207, 1::bit),
    (11, 2, 26, 171, 210, 1::bit),
    (11, 2, 27, 160, 196, 1::bit),
    (11, 2, 28, 142, 191, 0::bit),
    (11, 3, 21, 159, 208, 0::bit),
    (11, 3, 22, 165, 205, 1::bit),
    (11, 3, 23, 147, 169, 0::bit),
    (11, 3, 24, 167, 194, 1::bit),
    (11, 3, 25, 161, 210, 1::bit),
    (11, 3, 26, 161, 200, 0::bit),
    (11, 3, 27, 158, 194, 1::bit),
    (11, 3, 28, 135, 184, 0::bit),
    (12, 1, 17, 139, 180, 0::bit),
    (12, 1, 18, 145, 186, 1::bit),
    (12, 1, 19, 154, 181, 1::bit),
    (12, 1, 20, 149, 203, 1::bit),
    (12, 1, 29, 137, 186, 1::bit),
    (12, 1, 30, 135, 168, 0::bit),
    (12, 1, 31, 139, 174, 0::bit),
    (12, 1, 32, 140, 192, 0::bit),
    (12, 2, 17, 151, 192, 0::bit),
    (12, 2, 18, 167, 208, 1::bit),
    (12, 2, 19, 183, 210, 1::bit),
    (12, 2, 20, 146, 200, 1::bit),
    (12, 2, 29, 148, 197, 1::bit),
    (12, 2, 30, 171, 204, 0::bit),
    (12, 2, 31, 145, 180, 0::bit),
    (12, 2, 32, 145, 197, 0::bit),
    (12, 3, 17, 155, 196, 0::bit),
    (12, 3, 18, 143, 184, 0::bit),
    (12, 3, 19, 141, 168, 0::bit),
    (12, 3, 20, 149, 203, 1::bit),
    (12, 3, 29, 156, 205, 1::bit),
    (12, 3, 30, 158, 191, 1::bit),
    (12, 3, 31, 184, 219, 1::bit),
    (12, 3, 32, 146, 198, 0::bit),
    (13, 1, 1, 159, 208, 1::bit),
    (13, 1, 2, 163, 205, 1::bit),
    (13, 1, 3, 182, 212, 1::bit),
    (13, 1, 4, 138, 189, 0::bit),
    (13, 1, 17, 150, 193, 0::bit),
    (13, 1, 18, 136, 178, 0::bit),
    (13, 1, 19, 179, 210, 0::bit),
    (13, 1, 20, 146, 197, 1::bit),
    (13, 2, 1, 140, 189, 0::bit),
    (13, 2, 2, 176, 218, 1::bit),
    (13, 2, 3, 178, 208, 1::bit),
    (13, 2, 4, 139, 190, 0::bit),
    (13, 2, 17, 153, 196, 1::bit),
    (13, 2, 18, 174, 216, 0::bit),
    (13, 2, 19, 140, 171, 0::bit),
    (13, 2, 20, 141, 192, 1::bit),
    (13, 3, 1, 158, 207, 1::bit),
    (13, 3, 2, 141, 183, 0::bit),
    (13, 3, 3, 150, 180, 0::bit),
    (13, 3, 4, 140, 191, 0::bit),
    (13, 3, 17, 151, 194, 0::bit),
    (13, 3, 18, 146, 188, 1::bit),
    (13, 3, 19, 173, 204, 1::bit),
    (13, 3, 20, 148, 199, 1::bit),
    (14, 1, 5, 163, 207, 1::bit),
    (14, 1, 6, 136, 177, 0::bit),
    (14, 1, 7, 177, 208, 1::bit),
    (14, 1, 8, 147, 197, 0::bit),
    (14, 1, 21, 146, 193, 0::bit),
    (14, 1, 22, 170, 209, 1::bit),
    (14, 1, 23, 149, 179, 0::bit),
    (14, 1, 24, 176, 202, 1::bit),
    (14, 2, 5, 150, 194, 0::bit),
    (14, 2, 6, 172, 213, 1::bit),
    (14, 2, 7, 135, 166, 0::bit),
    (14, 2, 8, 136, 186, 0::bit),
    (14, 2, 21, 160, 207, 1::bit),
    (14, 2, 22, 140, 179, 0::bit),
    (14, 2, 23, 164, 194, 1::bit),
    (14, 2, 24, 172, 198, 1::bit),
    (14, 3, 5, 142, 186, 0::bit),
    (14, 3, 6, 142, 183, 0::bit),
    (14, 3, 7, 179, 210, 1::bit),
    (14, 3, 8, 148, 198, 0::bit),
    (14, 3, 21, 153, 200, 1::bit),
    (14, 3, 22, 178, 217, 1::bit),
    (14, 3, 23, 180, 210, 1::bit),
    (14, 3, 24, 175, 201, 1::bit),
    (15, 1, 9, 142, 187, 0::bit),
    (15, 1, 10, 155, 190, 1::bit),
    (15, 1, 11, 150, 179, 0::bit),
    (15, 1, 12, 140, 194, 1::bit),
    (15, 1, 25, 163, 208, 1::bit),
    (15, 1, 26, 153, 190, 1::bit),
    (15, 1, 27, 153, 185, 1::bit),
    (15, 1, 28, 143, 194, 1::bit),
    (15, 2, 9, 162, 207, 1::bit),
    (15, 2, 10, 151, 186, 0::bit),
    (15, 2, 11, 146, 175, 0::bit),
    (15, 2, 12, 150, 204, 1::bit),
    (15, 2, 25, 147, 192, 0::bit),
    (15, 2, 26, 156, 193, 1::bit),
    (15, 2, 27, 182, 214, 1::bit),
    (15, 2, 28, 140, 191, 0::bit),
    (15, 3, 9, 163, 208, 1::bit),
    (15, 3, 10, 158, 193, 0::bit),
    (15, 3, 11, 141, 170, 0::bit),
    (15, 3, 12, 140, 194, 1::bit),
    (15, 3, 25, 139, 184, 0::bit),
    (15, 3, 26, 166, 203, 1::bit),
    (15, 3, 27, 193, 225, 1::bit),
    (15, 3, 28, 140, 191, 0::bit),
    (16, 1, 13, 157, 198, 0::bit),
    (16, 1, 14, 162, 204, 1::bit),
    (16, 1, 15, 165, 197, 0::bit),
    (16, 1, 16, 139, 190, 0::bit),
    (16, 1, 29, 164, 213, 1::bit),
    (16, 1, 30, 153, 189, 0::bit),
    (16, 1, 31, 174, 211, 1::bit),
    (16, 1, 32, 140, 191, 1::bit),
    (16, 2, 13, 162, 203, 1::bit),
    (16, 2, 14, 164, 206, 1::bit),
    (16, 2, 15, 135, 167, 0::bit),
    (16, 2, 16, 137, 188, 0::bit),
    (16, 2, 29, 138, 187, 0::bit),
    (16, 2, 30, 167, 203, 0::bit),
    (16, 2, 31, 184, 221, 1::bit),
    (16, 2, 32, 144, 195, 1::bit),
    (16, 3, 13, 139, 180, 0::bit),
    (16, 3, 14, 153, 195, 1::bit),
    (16, 3, 15, 183, 215, 1::bit),
    (16, 3, 16, 147, 198, 1::bit),
    (16, 3, 29, 163, 212, 1::bit),
    (16, 3, 30, 147, 183, 0::bit),
    (16, 3, 31, 149, 186, 0::bit),
    (16, 3, 32, 140, 191, 0::bit),
    (17, 1, 1, 139, 186, 1::bit),
    (17, 1, 2, 175, 216, 1::bit),
    (17, 1, 3, 136, 165, 0::bit),
    (17, 1, 4, 141, 193, 1::bit),
    (17, 1, 21, 141, 186, 1::bit),
    (17, 1, 22, 146, 184, 0::bit),
    (17, 1, 23, 156, 187, 1::bit),
    (17, 1, 24, 162, 187, 0::bit),
    (17, 2, 1, 164, 211, 1::bit),
    (17, 2, 2, 161, 202, 1::bit),
    (17, 2, 3, 174, 203, 1::bit),
    (17, 2, 4, 145, 197, 1::bit),
    (17, 2, 21, 147, 192, 0::bit),
    (17, 2, 22, 141, 179, 0::bit),
    (17, 2, 23, 156, 187, 0::bit),
    (17, 2, 24, 165, 190, 0::bit),
    (17, 3, 1, 161, 208, 1::bit),
    (17, 3, 2, 173, 214, 1::bit),
    (17, 3, 3, 144, 173, 0::bit),
    (17, 3, 4, 141, 193, 0::bit),
    (17, 3, 21, 138, 183, 0::bit),
    (17, 3, 22, 174, 212, 0::bit),
    (17, 3, 23, 190, 221, 1::bit),
    (17, 3, 24, 173, 198, 1::bit),
    (18, 1, 5, 143, 187, 0::bit),
    (18, 1, 6, 145, 186, 0::bit),
    (18, 1, 7, 169, 201, 1::bit),
    (18, 1, 8, 146, 196, 0::bit),
    (18, 1, 17, 149, 192, 1::bit),
    (18, 1, 18, 165, 207, 1::bit),
    (18, 1, 19, 138, 169, 0::bit),
    (18, 1, 20, 148, 199, 1::bit),
    (18, 2, 5, 155, 199, 1::bit),
    (18, 2, 6, 178, 219, 1::bit),
    (18, 2, 7, 175, 207, 1::bit),
    (18, 2, 8, 146, 196, 0::bit),
    (18, 2, 17, 156, 199, 1::bit),
    (18, 2, 18, 173, 215, 0::bit),
    (18, 2, 19, 155, 186, 0::bit),
    (18, 2, 20, 148, 199, 1::bit),
    (18, 3, 5, 136, 180, 0::bit),
    (18, 3, 6, 140, 181, 0::bit),
    (18, 3, 7, 187, 219, 0::bit),
    (18, 3, 8, 142, 192, 0::bit),
    (18, 3, 17, 141, 184, 1::bit),
    (18, 3, 18, 173, 215, 1::bit),
    (18, 3, 19, 190, 221, 1::bit),
    (18, 3, 20, 143, 194, 1::bit),
    (19, 1, 9, 142, 185, 0::bit),
    (19, 1, 10, 169, 205, 1::bit),
    (19, 1, 11, 162, 196, 0::bit),
    (19, 1, 12, 140, 193, 0::bit),
    (19, 1, 29, 144, 191, 1::bit),
    (19, 1, 30, 162, 199, 0::bit),
    (19, 1, 31, 175, 209, 1::bit),
    (19, 1, 32, 143, 195, 1::bit),
    (19, 2, 9, 164, 207, 1::bit),
    (19, 2, 10, 161, 197, 0::bit),
    (19, 2, 11, 137, 171, 0::bit),
    (19, 2, 12, 148, 201, 1::bit),
    (19, 2, 29, 135, 182, 0::bit),
    (19, 2, 30, 177, 214, 1::bit),
    (19, 2, 31, 174, 208, 1::bit),
    (19, 2, 32, 149, 201, 1::bit),
    (19, 3, 9, 162, 205, 1::bit),
    (19, 3, 10, 158, 194, 1::bit),
    (19, 3, 11, 149, 183, 0::bit),
    (19, 3, 12, 142, 195, 1::bit),
    (19, 3, 29, 137, 184, 0::bit),
    (19, 3, 30, 151, 188, 0::bit),
    (19, 3, 31, 186, 220, 1::bit),
    (19, 3, 32, 137, 189, 0::bit),
    (20, 1, 13, 161, 202, 1::bit),
    (20, 1, 14, 175, 216, 1::bit),
    (20, 1, 15, 176, 209, 1::bit),
    (20, 1, 16, 143, 195, 0::bit),
    (20, 1, 25, 144, 189, 0::bit),
    (20, 1, 26, 141, 178, 0::bit),
    (20, 1, 27, 139, 169, 0::bit),
    (20, 1, 28, 150, 201, 1::bit),
    (20, 2, 13, 148, 189, 1::bit),
    (20, 2, 14, 164, 205, 1::bit),
    (20, 2, 15, 144, 177, 1::bit),
    (20, 2, 16, 137, 189, 1::bit),
    (20, 2, 25, 144, 189, 1::bit),
    (20, 2, 26, 158, 195, 0::bit),
    (20, 2, 27, 147, 177, 1::bit),
    (20, 2, 28, 138, 189, 1::bit),
    (20, 3, 13, 162, 203, 1::bit),
    (20, 3, 14, 172, 213, 1::bit),
    (20, 3, 15, 140, 173, 0::bit),
    (20, 3, 16, 138, 190, 0::bit),
    (20, 3, 25, 137, 182, 0::bit),
    (20, 3, 26, 143, 180, 0::bit),
    (20, 3, 27, 172, 202, 1::bit),
    (20, 3, 28, 149, 200, 1::bit),
    (21, 1, 1, 141, 187, 0::bit),
    (21, 1, 2, 141, 179, 0::bit),
    (21, 1, 3, 191, 223, 1::bit),
    (21, 1, 4, 145, 197, 0::bit),
    (21, 1, 25, 142, 189, 1::bit),
    (21, 1, 26, 151, 190, 1::bit),
    (21, 1, 27, 150, 182, 0::bit),
    (21, 1, 28, 148, 199, 1::bit),
    (21, 2, 1, 141, 187, 0::bit),
    (21, 2, 2, 164, 202, 1::bit),
    (21, 2, 3, 189, 221, 1::bit),
    (21, 2, 4, 142, 194, 1::bit),
    (21, 2, 25, 147, 194, 1::bit),
    (21, 2, 26, 138, 177, 0::bit),
    (21, 2, 27, 176, 208, 0::bit),
    (21, 2, 28, 137, 188, 0::bit),
    (21, 3, 1, 139, 185, 1::bit),
    (21, 3, 2, 159, 197, 0::bit),
    (21, 3, 3, 174, 206, 0::bit),
    (21, 3, 4, 137, 189, 0::bit),
    (21, 3, 25, 136, 183, 0::bit),
    (21, 3, 26, 178, 217, 1::bit),
    (21, 3, 27, 191, 223, 1::bit),
    (21, 3, 28, 147, 198, 1::bit),
    (22, 1, 9, 142, 185, 1::bit),
    (22, 1, 10, 165, 201, 0::bit),
    (22, 1, 11, 144, 180, 0::bit),
    (22, 1, 12, 139, 191, 0::bit),
    (22, 1, 17, 139, 183, 0::bit),
    (22, 1, 18, 168, 208, 1::bit),
    (22, 1, 19, 165, 197, 1::bit),
    (22, 1, 20, 144, 194, 1::bit),
    (22, 2, 9, 143, 186, 0::bit),
    (22, 2, 10, 167, 203, 1::bit),
    (22, 2, 11, 188, 224, 1::bit),
    (22, 2, 12, 145, 197, 1::bit),
    (22, 2, 17, 144, 188, 1::bit),
    (22, 2, 18, 159, 199, 0::bit),
    (22, 2, 19, 166, 198, 0::bit),
    (22, 2, 20, 143, 193, 0::bit),
    (22, 3, 9, 153, 196, 0::bit),
    (22, 3, 10, 146, 182, 0::bit),
    (22, 3, 11, 182, 218, 1::bit),
    (22, 3, 12, 147, 199, 1::bit),
    (22, 3, 17, 162, 206, 1::bit),
    (22, 3, 18, 179, 219, 1::bit),
    (22, 3, 19, 179, 211, 0::bit),
    (22, 3, 20, 144, 194, 0::bit),
    (23, 1, 5, 136, 181, 0::bit),
    (23, 1, 6, 175, 216, 1::bit),
    (23, 1, 7, 164, 193, 0::bit),
    (23, 1, 8, 136, 186, 0::bit),
    (23, 1, 29, 159, 208, 1::bit),
    (23, 1, 30, 151, 187, 0::bit),
    (23, 1, 31, 177, 209, 1::bit),
    (23, 1, 32, 142, 193, 1::bit),
    (23, 2, 5, 145, 190, 1::bit),
    (23, 2, 6, 175, 216, 1::bit),
    (23, 2, 7, 182, 211, 1::bit),
    (23, 2, 8, 142, 192, 1::bit),
    (23, 2, 29, 136, 185, 0::bit),
    (23, 2, 30, 149, 185, 0::bit),
    (23, 2, 31, 149, 181, 0::bit),
    (23, 2, 32, 136, 187, 0::bit),
    (23, 3, 5, 154, 199, 1::bit),
    (23, 3, 6, 177, 218, 1::bit),
    (23, 3, 7, 150, 179, 1::bit),
    (23, 3, 8, 142, 192, 1::bit),
    (23, 3, 29, 135, 184, 0::bit),
    (23, 3, 30, 153, 189, 0::bit),
    (23, 3, 31, 141, 173, 0::bit),
    (23, 3, 32, 140, 191, 0::bit),
    (24, 1, 13, 149, 190, 0::bit),
    (24, 1, 14, 138, 176, 0::bit),
    (24, 1, 15, 154, 189, 0::bit),
    (24, 1, 16, 139, 191, 0::bit),
    (24, 1, 21, 159, 206, 1::bit),
    (24, 1, 22, 147, 185, 1::bit),
    (24, 1, 23, 193, 223, 1::bit),
    (24, 1, 24, 171, 197, 1::bit),
    (24, 2, 13, 151, 192, 0::bit),
    (24, 2, 14, 179, 217, 1::bit),
    (24, 2, 15, 157, 192, 0::bit),
    (24, 2, 16, 148, 200, 1::bit),
    (24, 2, 21, 157, 204, 1::bit),
    (24, 2, 22, 172, 210, 0::bit),
    (24, 2, 23, 175, 205, 1::bit),
    (24, 2, 24, 169, 195, 0::bit),
    (24, 3, 13, 149, 190, 1::bit),
    (24, 3, 14, 163, 201, 0::bit),
    (24, 3, 15, 148, 183, 0::bit),
    (24, 3, 16, 139, 191, 0::bit),
    (24, 3, 21, 138, 185, 0::bit),
    (24, 3, 22, 170, 208, 1::bit),
    (24, 3, 23, 168, 198, 1::bit),
    (24, 3, 24, 174, 200, 1::bit),
    (25, 1, 1, 149, 196, 0::bit),
    (25, 1, 2, 157, 196, 0::bit),
    (25, 1, 3, 152, 181, 0::bit),
    (25, 1, 4, 141, 193, 0::bit),
    (25, 1, 29, 164, 213, 1::bit),
    (25, 1, 30, 173, 210, 1::bit),
    (25, 1, 31, 187, 220, 1::bit),
    (25, 1, 32, 145, 197, 1::bit),
    (25, 2, 1, 159, 206, 0::bit),
    (25, 2, 2, 171, 210, 1::bit),
    (25, 2, 3, 179, 208, 1::bit),
    (25, 2, 4, 135, 187, 0::bit),
    (25, 2, 29, 164, 213, 1::bit),
    (25, 2, 30, 156, 193, 0::bit),
    (25, 2, 31, 159, 192, 0::bit),
    (25, 2, 32, 137, 189, 1::bit),
    (25, 3, 1, 138, 185, 0::bit),
    (25, 3, 2, 157, 196, 1::bit),
    (25, 3, 3, 148, 177, 0::bit),
    (25, 3, 4, 137, 189, 0::bit),
    (25, 3, 29, 147, 196, 1::bit),
    (25, 3, 30, 159, 196, 1::bit),
    (25, 3, 31, 147, 180, 1::bit),
    (25, 3, 32, 148, 200, 1::bit),
    (26, 1, 5, 142, 188, 0::bit),
    (26, 1, 6, 166, 204, 0::bit),
    (26, 1, 7, 190, 220, 1::bit),
    (26, 1, 8, 142, 193, 0::bit),
    (26, 1, 25, 164, 212, 1::bit),
    (26, 1, 26, 174, 213, 1::bit),
    (26, 1, 27, 162, 194, 0::bit),
    (26, 1, 28, 145, 196, 1::bit),
    (26, 2, 5, 139, 185, 0::bit),
    (26, 2, 6, 163, 201, 0::bit),
    (26, 2, 7, 173, 203, 0::bit),
    (26, 2, 8, 135, 186, 0::bit),
    (26, 2, 25, 139, 187, 1::bit),
    (26, 2, 26, 170, 209, 1::bit),
    (26, 2, 27, 180, 212, 1::bit),
    (26, 2, 28, 136, 187, 1::bit),
    (26, 3, 5, 160, 206, 1::bit),
    (26, 3, 6, 168, 206, 1::bit),
    (26, 3, 7, 174, 204, 1::bit),
    (26, 3, 8, 137, 188, 0::bit),
    (26, 3, 25, 152, 200, 0::bit),
    (26, 3, 26, 139, 178, 0::bit),
    (26, 3, 27, 141, 173, 0::bit),
    (26, 3, 28, 138, 189, 1::bit),
    (27, 1, 9, 148, 192, 0::bit),
    (27, 1, 10, 174, 210, 1::bit),
    (27, 1, 11, 138, 172, 0::bit),
    (27, 1, 12, 148, 200, 1::bit),
    (27, 1, 21, 155, 201, 1::bit),
    (27, 1, 22, 156, 194, 0::bit),
    (27, 1, 23, 147, 175, 1::bit),
    (27, 1, 24, 166, 192, 0::bit),
    (27, 2, 9, 150, 194, 1::bit),
    (27, 2, 10, 169, 205, 0::bit),
    (27, 2, 11, 141, 175, 0::bit),
    (27, 2, 12, 147, 199, 1::bit),
    (27, 2, 21, 146, 192, 0::bit),
    (27, 2, 22, 174, 212, 1::bit),
    (27, 2, 23, 179, 207, 1::bit),
    (27, 2, 24, 160, 186, 0::bit),
    (27, 3, 9, 152, 196, 1::bit),
    (27, 3, 10, 175, 211, 1::bit),
    (27, 3, 11, 191, 225, 1::bit),
    (27, 3, 12, 148, 200, 1::bit),
    (27, 3, 21, 144, 190, 0::bit),
    (27, 3, 22, 147, 185, 0::bit),
    (27, 3, 23, 147, 175, 0::bit),
    (27, 3, 24, 171, 197, 0::bit),
    (28, 1, 13, 140, 181, 0::bit),
    (28, 1, 14, 155, 193, 0::bit),
    (28, 1, 15, 170, 206, 0::bit),
    (28, 1, 16, 138, 190, 1::bit),
    (28, 1, 17, 165, 209, 1::bit),
    (28, 1, 18, 172, 210, 1::bit),
    (28, 1, 19, 185, 216, 1::bit),
    (28, 1, 20, 140, 190, 1::bit),
    (28, 2, 13, 149, 190, 0::bit),
    (28, 2, 14, 162, 200, 0::bit),
    (28, 2, 15, 140, 176, 0::bit),
    (28, 2, 16, 135, 187, 0::bit),
    (28, 2, 17, 153, 197, 1::bit),
    (28, 2, 18, 180, 218, 1::bit),
    (28, 2, 19, 181, 212, 1::bit),
    (28, 2, 20, 142, 192, 1::bit),
    (28, 3, 13, 142, 183, 0::bit),
    (28, 3, 14, 135, 173, 0::bit),
    (28, 3, 15, 138, 174, 0::bit),
    (28, 3, 16, 148, 200, 1::bit),
    (28, 3, 17, 152, 196, 1::bit),
    (28, 3, 18, 140, 178, 1::bit),
    (28, 3, 19, 167, 198, 1::bit),
    (28, 3, 20, 149, 199, 0::bit),
    (29, 1, 1, 161, 208, 1::bit),
    (29, 1, 2, 143, 181, 0::bit),
    (29, 1, 3, 182, 212, 1::bit),
    (29, 1, 4, 138, 191, 0::bit),
    (29, 1, 9, 158, 202, 0::bit),
    (29, 1, 10, 161, 195, 1::bit),
    (29, 1, 11, 150, 185, 0::bit),
    (29, 1, 12, 145, 196, 1::bit),
    (29, 2, 1, 141, 188, 1::bit),
    (29, 2, 2, 171, 209, 1::bit),
    (29, 2, 3, 145, 175, 0::bit),
    (29, 2, 4, 144, 197, 0::bit),
    (29, 2, 9, 141, 185, 0::bit),
    (29, 2, 10, 160, 194, 0::bit),
    (29, 2, 11, 173, 208, 1::bit),
    (29, 2, 12, 150, 201, 1::bit),
    (29, 3, 1, 156, 203, 1::bit),
    (29, 3, 2, 159, 197, 0::bit),
    (29, 3, 3, 169, 199, 0::bit),
    (29, 3, 4, 146, 199, 1::bit),
    (29, 3, 9, 144, 188, 0::bit),
    (29, 3, 10, 164, 198, 1::bit),
    (29, 3, 11, 166, 201, 1::bit),
    (29, 3, 12, 136, 187, 0::bit),
    (30, 1, 5, 153, 199, 1::bit),
    (30, 1, 6, 152, 189, 0::bit),
    (30, 1, 7, 172, 200, 1::bit),
    (30, 1, 8, 136, 187, 0::bit),
    (30, 1, 13, 136, 179, 0::bit),
    (30, 1, 14, 165, 204, 1::bit),
    (30, 1, 15, 137, 175, 0::bit),
    (30, 1, 16, 148, 200, 1::bit),
    (30, 2, 5, 149, 195, 0::bit),
    (30, 2, 6, 159, 196, 1::bit),
    (30, 2, 7, 153, 181, 0::bit),
    (30, 2, 8, 149, 200, 1::bit),
    (30, 2, 13, 158, 201, 1::bit),
    (30, 2, 14, 148, 187, 0::bit),
    (30, 2, 15, 188, 226, 1::bit),
    (30, 2, 16, 145, 197, 0::bit),
    (30, 3, 5, 147, 193, 0::bit),
    (30, 3, 6, 151, 188, 0::bit),
    (30, 3, 7, 193, 221, 1::bit),
    (30, 3, 8, 143, 194, 1::bit),
    (30, 3, 13, 155, 198, 1::bit),
    (30, 3, 14, 177, 216, 1::bit),
    (30, 3, 15, 145, 183, 0::bit),
    (30, 3, 16, 141, 193, 0::bit),
    (31, 1, 17, 139, 182, 0::bit),
    (31, 1, 18, 144, 181, 0::bit),
    (31, 1, 19, 179, 209, 1::bit),
    (31, 1, 20, 147, 197, 1::bit),
    (31, 1, 25, 157, 204, 1::bit),
    (31, 1, 26, 170, 209, 1::bit),
    (31, 1, 27, 168, 200, 0::bit),
    (31, 1, 28, 143, 194, 0::bit),
    (31, 2, 17, 155, 198, 0::bit),
    (31, 2, 18, 148, 185, 0::bit),
    (31, 2, 19, 167, 197, 0::bit),
    (31, 2, 20, 141, 191, 0::bit),
    (31, 2, 25, 159, 206, 1::bit),
    (31, 2, 26, 165, 204, 1::bit),
    (31, 2, 27, 192, 224, 1::bit),
    (31, 2, 28, 142, 193, 1::bit),
    (31, 3, 17, 136, 179, 0::bit),
    (31, 3, 18, 171, 208, 1::bit),
    (31, 3, 19, 157, 187, 0::bit),
    (31, 3, 20, 137, 187, 0::bit),
    (31, 3, 25, 164, 211, 1::bit),
    (31, 3, 26, 165, 204, 0::bit),
    (31, 3, 27, 183, 215, 1::bit),
    (31, 3, 28, 146, 197, 1::bit),
    (32, 1, 21, 136, 182, 0::bit),
    (32, 1, 22, 143, 180, 0::bit),
    (32, 1, 23, 158, 188, 0::bit),
    (32, 1, 24, 174, 201, 1::bit),
    (32, 1, 29, 151, 198, 1::bit),
    (32, 1, 30, 167, 204, 1::bit),
    (32, 1, 31, 184, 216, 1::bit),
    (32, 1, 32, 143, 195, 0::bit),
    (32, 2, 21, 158, 204, 1::bit),
    (32, 2, 22, 166, 203, 1::bit),
    (32, 2, 23, 188, 218, 1::bit),
    (32, 2, 24, 167, 194, 1::bit),
    (32, 2, 29, 150, 197, 0::bit),
    (32, 2, 30, 166, 203, 1::bit),
    (32, 2, 31, 161, 193, 0::bit),
    (32, 2, 32, 137, 189, 0::bit),
    (32, 3, 21, 159, 205, 1::bit),
    (32, 3, 22, 145, 182, 0::bit),
    (32, 3, 23, 181, 211, 1::bit),
    (32, 3, 24, 168, 195, 1::bit),
    (32, 3, 29, 143, 190, 0::bit),
    (32, 3, 30, 161, 198, 1::bit),
    (32, 3, 31, 152, 184, 0::bit),
    (32, 3, 32, 139, 191, 0::bit),
    (33, 1, 5, 141, 187, 0::bit),
    (33, 1, 6, 143, 181, 1::bit),
    (33, 1, 7, 166, 194, 0::bit),
    (33, 1, 8, 145, 196, 0::bit),
    (33, 1, 9, 152, 196, 1::bit),
    (33, 1, 10, 141, 175, 0::bit),
    (33, 1, 11, 169, 204, 1::bit),
    (33, 1, 12, 147, 198, 1::bit),
    (33, 2, 5, 164, 210, 1::bit),
    (33, 2, 6, 147, 185, 1::bit),
    (33, 2, 7, 160, 188, 0::bit),
    (33, 2, 8, 147, 198, 1::bit),
    (33, 2, 9, 159, 203, 0::bit),
    (33, 2, 10, 140, 174, 0::bit),
    (33, 2, 11, 180, 215, 1::bit),
    (33, 2, 12, 138, 189, 0::bit),
    (33, 3, 5, 140, 186, 1::bit),
    (33, 3, 6, 171, 209, 1::bit),
    (33, 3, 7, 168, 196, 0::bit),
    (33, 3, 8, 140, 191, 0::bit),
    (33, 3, 9, 136, 180, 0::bit),
    (33, 3, 10, 155, 189, 0::bit),
    (33, 3, 11, 194, 229, 1::bit),
    (33, 3, 12, 150, 201, 1::bit),
    (34, 1, 1, 140, 187, 0::bit),
    (34, 1, 2, 160, 198, 0::bit),
    (34, 1, 3, 152, 183, 0::bit),
    (34, 1, 4, 142, 195, 0::bit),
    (34, 1, 13, 146, 189, 1::bit),
    (34, 1, 14, 161, 199, 1::bit),
    (34, 1, 15, 170, 208, 1::bit),
    (34, 1, 16, 144, 196, 1::bit),
    (34, 2, 1, 140, 187, 0::bit),
    (34, 2, 2, 170, 208, 1::bit),
    (34, 2, 3, 158, 189, 1::bit),
    (34, 2, 4, 137, 190, 0::bit),
    (34, 2, 13, 154, 197, 1::bit),
    (34, 2, 14, 170, 208, 1::bit),
    (34, 2, 15, 145, 183, 0::bit),
    (34, 2, 16, 141, 193, 1::bit),
    (34, 3, 1, 149, 196, 0::bit),
    (34, 3, 2, 146, 184, 0::bit),
    (34, 3, 3, 141, 172, 0::bit),
    (34, 3, 4, 149, 202, 1::bit),
    (34, 3, 13, 156, 199, 1::bit),
    (34, 3, 14, 148, 186, 1::bit),
    (34, 3, 15, 176, 214, 1::bit),
    (34, 3, 16, 149, 201, 0::bit),
    (35, 1, 21, 137, 183, 0::bit),
    (35, 1, 22, 157, 195, 0::bit),
    (35, 1, 23, 168, 197, 1::bit),
    (35, 1, 24, 163, 190, 0::bit),
    (35, 1, 25, 141, 187, 1::bit),
    (35, 1, 26, 158, 196, 1::bit),
    (35, 1, 27, 150, 180, 0::bit),
    (35, 1, 28, 147, 198, 1::bit),
    (35, 2, 21, 153, 199, 0::bit),
    (35, 2, 22, 155, 193, 0::bit),
    (35, 2, 23, 142, 171, 0::bit),
    (35, 2, 24, 171, 198, 1::bit),
    (35, 2, 25, 163, 209, 1::bit),
    (35, 2, 26, 157, 195, 1::bit),
    (35, 2, 27, 180, 210, 1::bit),
    (35, 2, 28, 139, 190, 0::bit),
    (35, 3, 21, 159, 205, 1::bit),
    (35, 3, 22, 164, 202, 1::bit),
    (35, 3, 23, 160, 189, 1::bit),
    (35, 3, 24, 162, 189, 0::bit),
    (35, 3, 25, 136, 182, 0::bit),
    (35, 3, 26, 141, 179, 0::bit),
    (35, 3, 27, 151, 181, 0::bit),
    (35, 3, 28, 144, 195, 1::bit),
    (36, 1, 17, 157, 201, 0::bit),
    (36, 1, 18, 157, 195, 1::bit),
    (36, 1, 19, 149, 179, 1::bit),
    (36, 1, 20, 148, 198, 1::bit),
    (36, 1, 29, 162, 209, 1::bit),
    (36, 1, 30, 139, 175, 0::bit),
    (36, 1, 31, 138, 170, 0::bit),
    (36, 1, 32, 142, 194, 0::bit),
    (36, 2, 17, 159, 203, 1::bit),
    (36, 2, 18, 179, 217, 1::bit),
    (36, 2, 19, 192, 222, 1::bit),
    (36, 2, 20, 140, 190, 0::bit),
    (36, 2, 29, 153, 200, 0::bit),
    (36, 2, 30, 158, 194, 0::bit),
    (36, 2, 31, 163, 195, 0::bit),
    (36, 2, 32, 142, 194, 1::bit),
    (36, 3, 17, 148, 192, 0::bit),
    (36, 3, 18, 174, 212, 1::bit),
    (36, 3, 19, 146, 176, 0::bit),
    (36, 3, 20, 139, 189, 0::bit),
    (36, 3, 29, 161, 208, 1::bit),
    (36, 3, 30, 173, 209, 0::bit),
    (36, 3, 31, 156, 188, 1::bit),
    (36, 3, 32, 143, 195, 1::bit),
    (37, 1, 1, 143, 190, 0::bit),
    (37, 1, 2, 139, 177, 1::bit),
    (37, 1, 3, 178, 210, 1::bit),
    (37, 1, 4, 141, 194, 0::bit),
    (37, 1, 17, 164, 208, 1::bit),
    (37, 1, 18, 138, 174, 0::bit),
    (37, 1, 19, 155, 185, 0::bit),
    (37, 1, 20, 149, 200, 1::bit),
    (37, 2, 1, 156, 203, 0::bit),
    (37, 2, 2, 143, 181, 1::bit),
    (37, 2, 3, 159, 191, 0::bit),
    (37, 2, 4, 144, 197, 1::bit),
    (37, 2, 17, 161, 205, 1::bit),
    (37, 2, 18, 142, 178, 0::bit),
    (37, 2, 19, 193, 223, 1::bit),
    (37, 2, 20, 141, 192, 0::bit),
    (37, 3, 1, 151, 198, 0::bit),
    (37, 3, 2, 165, 203, 1::bit),
    (37, 3, 3, 156, 188, 0::bit),
    (37, 3, 4, 148, 201, 1::bit),
    (37, 3, 17, 156, 200, 1::bit),
    (37, 3, 18, 155, 191, 0::bit),
    (37, 3, 19, 192, 222, 1::bit),
    (37, 3, 20, 137, 188, 0::bit),
    (38, 1, 5, 156, 202, 0::bit),
    (38, 1, 6, 155, 193, 1::bit),
    (38, 1, 7, 155, 183, 0::bit),
    (38, 1, 8, 138, 189, 0::bit),
    (38, 1, 21, 157, 203, 1::bit),
    (38, 1, 22, 136, 174, 0::bit),
    (38, 1, 23, 167, 197, 1::bit),
    (38, 1, 24, 173, 201, 1::bit),
    (38, 2, 5, 148, 194, 1::bit),
    (38, 2, 6, 165, 203, 1::bit),
    (38, 2, 7, 167, 195, 1::bit),
    (38, 2, 8, 138, 189, 0::bit),
    (38, 2, 21, 144, 190, 0::bit),
    (38, 2, 22, 161, 199, 0::bit),
    (38, 2, 23, 149, 179, 0::bit),
    (38, 2, 24, 176, 204, 1::bit),
    (38, 3, 5, 153, 199, 1::bit),
    (38, 3, 6, 165, 203, 1::bit),
    (38, 3, 7, 165, 193, 0::bit),
    (38, 3, 8, 145, 196, 0::bit),
    (38, 3, 21, 144, 190, 0::bit),
    (38, 3, 22, 151, 189, 0::bit),
    (38, 3, 23, 183, 213, 1::bit),
    (38, 3, 24, 171, 199, 1::bit),
    (39, 1, 9, 139, 183, 0::bit),
    (39, 1, 10, 146, 182, 0::bit),
    (39, 1, 11, 156, 189, 0::bit),
    (39, 1, 12, 145, 196, 0::bit),
    (39, 1, 25, 154, 200, 1::bit),
    (39, 1, 26, 158, 196, 1::bit),
    (39, 1, 27, 160, 191, 1::bit),
    (39, 1, 28, 148, 199, 1::bit),
    (39, 2, 9, 137, 181, 1::bit),
    (39, 2, 10, 146, 182, 0::bit),
    (39, 2, 11, 145, 178, 1::bit),
    (39, 2, 12, 136, 187, 0::bit),
    (39, 2, 25, 135, 181, 1::bit),
    (39, 2, 26, 158, 196, 1::bit),
    (39, 2, 27, 144, 175, 0::bit),
    (39, 2, 28, 144, 195, 1::bit),
    (39, 3, 9, 150, 194, 1::bit),
    (39, 3, 10, 145, 181, 1::bit),
    (39, 3, 11, 181, 214, 1::bit),
    (39, 3, 12, 147, 198, 1::bit),
    (39, 3, 25, 141, 187, 0::bit),
    (39, 3, 26, 136, 174, 0::bit),
    (39, 3, 27, 175, 206, 0::bit),
    (39, 3, 28, 139, 190, 0::bit),
    (40, 1, 13, 161, 204, 1::bit),
    (40, 1, 14, 161, 199, 0::bit),
    (40, 1, 15, 173, 210, 1::bit),
    (40, 1, 16, 146, 198, 1::bit),
    (40, 1, 29, 141, 187, 0::bit),
    (40, 1, 30, 172, 209, 1::bit),
    (40, 1, 31, 144, 177, 0::bit),
    (40, 1, 32, 142, 194, 0::bit),
    (40, 2, 13, 155, 198, 0::bit),
    (40, 2, 14, 165, 203, 1::bit),
    (40, 2, 15, 143, 180, 0::bit),
    (40, 2, 16, 137, 189, 0::bit),
    (40, 2, 29, 161, 207, 1::bit),
    (40, 2, 30, 140, 177, 0::bit),
    (40, 2, 31, 167, 200, 1::bit),
    (40, 2, 32, 146, 198, 1::bit),
    (40, 3, 13, 140, 183, 0::bit),
    (40, 3, 14, 157, 195, 1::bit),
    (40, 3, 15, 191, 228, 1::bit),
    (40, 3, 16, 139, 191, 1::bit),
    (40, 3, 29, 158, 204, 1::bit),
    (40, 3, 30, 137, 174, 0::bit),
    (40, 3, 31, 192, 225, 0::bit),
    (40, 3, 32, 136, 188, 0::bit),
    (41, 1, 1, 143, 190, 0::bit),
    (41, 1, 2, 156, 195, 1::bit),
    (41, 1, 3, 162, 194, 0::bit),
    (41, 1, 4, 145, 197, 1::bit),
    (41, 1, 21, 151, 197, 1::bit),
    (41, 1, 22, 149, 188, 0::bit),
    (41, 1, 23, 178, 208, 1::bit),
    (41, 1, 24, 164, 191, 0::bit),
    (41, 2, 1, 156, 203, 1::bit),
    (41, 2, 2, 176, 215, 1::bit),
    (41, 2, 3, 188, 220, 1::bit),
    (41, 2, 4, 137, 189, 0::bit),
    (41, 2, 21, 141, 187, 0::bit),
    (41, 2, 22, 170, 209, 0::bit),
    (41, 2, 23, 145, 175, 0::bit),
    (41, 2, 24, 171, 198, 1::bit),
    (41, 3, 1, 142, 189, 0::bit),
    (41, 3, 2, 178, 217, 1::bit),
    (41, 3, 3, 149, 181, 1::bit),
    (41, 3, 4, 149, 201, 1::bit),
    (41, 3, 21, 145, 191, 1::bit),
    (41, 3, 22, 141, 180, 0::bit),
    (41, 3, 23, 143, 173, 0::bit),
    (41, 3, 24, 159, 186, 0::bit),
    (42, 1, 5, 147, 193, 0::bit),
    (42, 1, 6, 163, 201, 0::bit),
    (42, 1, 7, 190, 219, 1::bit),
    (42, 1, 8, 137, 188, 0::bit),
    (42, 1, 17, 158, 201, 1::bit),
    (42, 1, 18, 166, 204, 1::bit),
    (42, 1, 19, 142, 171, 0::bit),
    (42, 1, 20, 138, 189, 1::bit),
    (42, 2, 5, 147, 193, 1::bit),
    (42, 2, 6, 144, 182, 0::bit),
    (42, 2, 7, 171, 200, 0::bit),
    (42, 2, 8, 150, 201, 1::bit),
    (42, 2, 17, 135, 178, 0::bit),
    (42, 2, 18, 169, 207, 1::bit),
    (42, 2, 19, 191, 220, 1::bit),
    (42, 2, 20, 137, 188, 0::bit),
    (42, 3, 5, 145, 191, 0::bit),
    (42, 3, 6, 148, 186, 0::bit),
    (42, 3, 7, 142, 171, 0::bit),
    (42, 3, 8, 140, 191, 0::bit),
    (42, 3, 17, 153, 196, 1::bit),
    (42, 3, 18, 154, 192, 1::bit),
    (42, 3, 19, 177, 206, 1::bit),
    (42, 3, 20, 145, 196, 1::bit),
    (43, 1, 9, 156, 201, 0::bit),
    (43, 1, 10, 180, 217, 1::bit),
    (43, 1, 11, 175, 208, 1::bit),
    (43, 1, 12, 149, 200, 1::bit),
    (43, 1, 29, 157, 203, 1::bit),
    (43, 1, 30, 137, 175, 0::bit),
    (43, 1, 31, 136, 169, 0::bit),
    (43, 1, 32, 140, 192, 0::bit),
    (43, 2, 9, 148, 193, 1::bit),
    (43, 2, 10, 158, 195, 0::bit),
    (43, 2, 11, 151, 184, 0::bit),
    (43, 2, 12, 135, 186, 0::bit),
    (43, 2, 29, 135, 181, 0::bit),
    (43, 2, 30, 163, 201, 1::bit),
    (43, 2, 31, 163, 196, 1::bit),
    (43, 2, 32, 147, 199, 1::bit),
    (43, 3, 9, 159, 204, 1::bit),
    (43, 3, 10, 172, 209, 1::bit),
    (43, 3, 11, 162, 195, 1::bit),
    (43, 3, 12, 140, 191, 0::bit),
    (43, 3, 29, 151, 197, 0::bit),
    (43, 3, 30, 162, 200, 0::bit),
    (43, 3, 31, 148, 181, 0::bit),
    (43, 3, 32, 146, 198, 1::bit),
    (44, 1, 13, 157, 200, 1::bit),
    (44, 1, 14, 171, 209, 0::bit),
    (44, 1, 15, 148, 184, 1::bit),
    (44, 1, 16, 136, 188, 1::bit),
    (44, 1, 25, 143, 189, 0::bit),
    (44, 1, 26, 175, 214, 1::bit),
    (44, 1, 27, 141, 173, 0::bit),
    (44, 1, 28, 136, 187, 0::bit),
    (44, 2, 13, 153, 196, 0::bit),
    (44, 2, 14, 153, 191, 1::bit),
    (44, 2, 15, 153, 189, 0::bit),
    (44, 2, 16, 142, 194, 1::bit),
    (44, 2, 25, 153, 199, 1::bit),
    (44, 2, 26, 142, 181, 0::bit),
    (44, 2, 27, 178, 210, 1::bit),
    (44, 2, 28, 139, 190, 0::bit),
    (44, 3, 13, 157, 200, 1::bit),
    (44, 3, 14, 144, 182, 0::bit),
    (44, 3, 15, 166, 202, 0::bit),
    (44, 3, 16, 140, 192, 0::bit),
    (44, 3, 25, 140, 186, 0::bit),
    (44, 3, 26, 148, 187, 1::bit),
    (44, 3, 27, 192, 224, 1::bit),
    (44, 3, 28, 150, 201, 1::bit),
    (45, 1, 1, 164, 211, 1::bit),
    (45, 1, 2, 143, 181, 1::bit),
    (45, 1, 3, 172, 204, 1::bit),
    (45, 1, 4, 136, 188, 0::bit),
    (45, 1, 25, 159, 206, 0::bit),
    (45, 1, 26, 141, 180, 0::bit),
    (45, 1, 27, 167, 198, 0::bit),
    (45, 1, 28, 150, 201, 1::bit),
    (45, 2, 1, 153, 200, 0::bit),
    (45, 2, 2, 171, 209, 1::bit),
    (45, 2, 3, 164, 196, 0::bit),
    (45, 2, 4, 144, 196, 1::bit),
    (45, 2, 25, 163, 210, 1::bit),
    (45, 2, 26, 162, 201, 0::bit),
    (45, 2, 27, 183, 214, 1::bit),
    (45, 2, 28, 141, 192, 0::bit),
    (45, 3, 1, 163, 210, 1::bit),
    (45, 3, 2, 151, 189, 0::bit),
    (45, 3, 3, 160, 192, 0::bit),
    (45, 3, 4, 139, 191, 0::bit),
    (45, 3, 25, 146, 193, 0::bit),
    (45, 3, 26, 164, 203, 1::bit),
    (45, 3, 27, 182, 213, 1::bit),
    (45, 3, 28, 142, 193, 1::bit),
    (46, 1, 9, 162, 207, 1::bit),
    (46, 1, 10, 176, 212, 1::bit),
    (46, 1, 11, 185, 218, 1::bit),
    (46, 1, 12, 136, 187, 0::bit),
    (46, 1, 17, 146, 189, 0::bit),
    (46, 1, 18, 155, 192, 0::bit),
    (46, 1, 19, 158, 187, 0::bit),
    (46, 1, 20, 147, 198, 1::bit),
    (46, 2, 9, 151, 196, 1::bit),
    (46, 2, 10, 138, 174, 0::bit),
    (46, 2, 11, 162, 195, 0::bit),
    (46, 2, 12, 138, 189, 0::bit),
    (46, 2, 17, 137, 180, 0::bit),
    (46, 2, 18, 145, 182, 1::bit),
    (46, 2, 19, 174, 203, 1::bit),
    (46, 2, 20, 144, 195, 1::bit),
    (46, 3, 9, 146, 191, 1::bit),
    (46, 3, 10, 136, 172, 0::bit),
    (46, 3, 11, 148, 181, 0::bit),
    (46, 3, 12, 137, 188, 0::bit),
    (46, 3, 17, 137, 180, 0::bit),
    (46, 3, 18, 138, 175, 1::bit),
    (46, 3, 19, 178, 207, 1::bit),
    (46, 3, 20, 146, 197, 1::bit),
    (47, 1, 5, 136, 182, 0::bit),
    (47, 1, 6, 174, 212, 1::bit),
    (47, 1, 7, 166, 195, 1::bit),
    (47, 1, 8, 136, 187, 0::bit),
    (47, 1, 29, 161, 207, 1::bit),
    (47, 1, 30, 152, 190, 0::bit),
    (47, 1, 31, 138, 172, 0::bit),
    (47, 1, 32, 137, 189, 1::bit),
    (47, 2, 5, 164, 210, 1::bit),
    (47, 2, 6, 136, 174, 0::bit),
    (47, 2, 7, 170, 199, 0::bit),
    (47, 2, 8, 144, 195, 1::bit),
    (47, 2, 29, 154, 200, 0::bit),
    (47, 2, 30, 147, 185, 1::bit),
    (47, 2, 31, 188, 222, 1::bit),
    (47, 2, 32, 142, 194, 0::bit),
    (47, 3, 5, 151, 197, 1::bit),
    (47, 3, 6, 137, 175, 0::bit),
    (47, 3, 7, 150, 179, 0::bit),
    (47, 3, 8, 142, 193, 1::bit),
    (47, 3, 29, 150, 196, 0::bit),
    (47, 3, 30, 151, 189, 1::bit),
    (47, 3, 31, 186, 220, 1::bit),
    (47, 3, 32, 136, 188, 0::bit),
    (48, 1, 13, 150, 193, 0::bit),
    (48, 1, 14, 167, 205, 0::bit),
    (48, 1, 15, 190, 227, 1::bit),
    (48, 1, 16, 148, 200, 1::bit),
    (48, 1, 21, 154, 200, 1::bit),
    (48, 1, 22, 172, 211, 1::bit),
    (48, 1, 23, 140, 171, 0::bit),
    (48, 1, 24, 175, 203, 1::bit),
    (48, 2, 13, 147, 190, 1::bit),
    (48, 2, 14, 140, 178, 0::bit),
    (48, 2, 15, 178, 215, 1::bit),
    (48, 2, 16, 146, 198, 1::bit),
    (48, 2, 21, 136, 182, 0::bit),
    (48, 2, 22, 161, 200, 1::bit),
    (48, 2, 23, 152, 183, 0::bit),
    (48, 2, 24, 160, 188, 0::bit),
    (48, 3, 13, 149, 192, 1::bit),
    (48, 3, 14, 151, 189, 0::bit),
    (48, 3, 15, 191, 228, 1::bit),
    (48, 3, 16, 141, 193, 0::bit),
    (48, 3, 21, 140, 186, 0::bit),
    (48, 3, 22, 176, 215, 1::bit),
    (48, 3, 23, 148, 179, 0::bit),
    (48, 3, 24, 174, 202, 1::bit),
    (49, 1, 1, 142, 188, 0::bit),
    (49, 1, 2, 142, 180, 0::bit),
    (49, 1, 3, 162, 194, 0::bit),
    (49, 1, 4, 140, 192, 0::bit),
    (49, 1, 29, 156, 201, 1::bit),
    (49, 1, 30, 145, 184, 1::bit),
    (49, 1, 31, 184, 217, 1::bit),
    (49, 1, 32, 142, 194, 1::bit),
    (49, 2, 1, 145, 191, 1::bit),
    (49, 2, 2, 167, 205, 1::bit),
    (49, 2, 3, 152, 184, 0::bit),
    (49, 2, 4, 143, 195, 1::bit),
    (49, 2, 29, 142, 187, 0::bit),
    (49, 2, 30, 144, 183, 0::bit),
    (49, 2, 31, 162, 195, 1::bit),
    (49, 2, 32, 138, 190, 0::bit),
    (49, 3, 1, 140, 186, 0::bit),
    (49, 3, 2, 153, 191, 0::bit),
    (49, 3, 3, 189, 221, 0::bit),
    (49, 3, 4, 148, 200, 1::bit),
    (49, 3, 29, 160, 205, 1::bit),
    (49, 3, 30, 170, 209, 1::bit),
    (49, 3, 31, 190, 223, 1::bit),
    (49, 3, 32, 140, 192, 0::bit),
    (50, 1, 5, 159, 205, 1::bit),
    (50, 1, 6, 174, 213, 0::bit),
    (50, 1, 7, 189, 218, 0::bit),
    (50, 1, 8, 149, 201, 1::bit),
    (50, 1, 25, 158, 204, 0::bit),
    (50, 1, 26, 177, 216, 1::bit),
    (50, 1, 27, 189, 219, 1::bit),
    (50, 1, 28, 141, 192, 0::bit),
    (50, 2, 5, 155, 201, 0::bit),
    (50, 2, 6, 153, 192, 0::bit),
    (50, 2, 7, 195, 224, 1::bit),
    (50, 2, 8, 149, 201, 1::bit),
    (50, 2, 25, 161, 207, 1::bit),
    (50, 2, 26, 175, 214, 1::bit),
    (50, 2, 27, 148, 178, 0::bit),
    (50, 2, 28, 137, 188, 0::bit),
    (50, 3, 5, 139, 185, 0::bit),
    (50, 3, 6, 177, 216, 1::bit),
    (50, 3, 7, 189, 218, 0::bit),
    (50, 3, 8, 135, 187, 0::bit),
    (50, 3, 25, 164, 210, 1::bit),
    (50, 3, 26, 143, 182, 0::bit),
    (50, 3, 27, 189, 219, 1::bit),
    (50, 3, 28, 146, 197, 1::bit),
    (51, 1, 9, 160, 205, 1::bit),
    (51, 1, 10, 150, 187, 0::bit),
    (51, 1, 11, 169, 202, 1::bit),
    (51, 1, 12, 144, 196, 1::bit),
    (51, 1, 21, 144, 191, 0::bit),
    (51, 1, 22, 173, 211, 1::bit),
    (51, 1, 23, 155, 187, 0::bit),
    (51, 1, 24, 166, 194, 0::bit),
    (51, 2, 9, 152, 197, 1::bit),
    (51, 2, 10, 176, 213, 1::bit),
    (51, 2, 11, 175, 208, 0::bit),
    (51, 2, 12, 150, 202, 1::bit),
    (51, 2, 21, 147, 194, 0::bit),
    (51, 2, 22, 135, 173, 0::bit),
    (51, 2, 23, 177, 209, 1::bit),
    (51, 2, 24, 178, 206, 1::bit),
    (51, 3, 9, 149, 194, 1::bit),
    (51, 3, 10, 142, 179, 0::bit),
    (51, 3, 11, 152, 185, 0::bit),
    (51, 3, 12, 140, 192, 0::bit),
    (51, 3, 21, 142, 189, 0::bit),
    (51, 3, 22, 163, 201, 1::bit),
    (51, 3, 23, 179, 211, 1::bit),
    (51, 3, 24, 171, 199, 1::bit),
    (52, 1, 13, 142, 185, 0::bit),
    (52, 1, 14, 171, 209, 1::bit),
    (52, 1, 15, 183, 217, 1::bit),
    (52, 1, 16, 145, 197, 1::bit),
    (52, 1, 17, 149, 193, 1::bit),
    (52, 1, 18, 156, 194, 0::bit),
    (52, 1, 19, 175, 204, 0::bit),
    (52, 1, 20, 142, 193, 0::bit),
    (52, 2, 13, 157, 200, 1::bit),
    (52, 2, 14, 136, 174, 0::bit),
    (52, 2, 15, 148, 182, 0::bit),
    (52, 2, 16, 141, 193, 0::bit),
    (52, 2, 17, 138, 182, 0::bit),
    (52, 2, 18, 155, 193, 1::bit),
    (52, 2, 19, 156, 185, 1::bit),
    (52, 2, 20, 147, 198, 1::bit),
    (52, 3, 13, 160, 203, 1::bit),
    (52, 3, 14, 136, 174, 0::bit),
    (52, 3, 15, 165, 199, 0::bit),
    (52, 3, 16, 148, 200, 1::bit),
    (52, 3, 17, 142, 186, 0::bit),
    (52, 3, 18, 138, 176, 1::bit),
    (52, 3, 19, 184, 213, 1::bit),
    (52, 3, 20, 145, 196, 0::bit),
    (53, 1, 1, 139, 186, 0::bit),
    (53, 1, 2, 145, 183, 0::bit),
    (53, 1, 3, 191, 223, 1::bit),
    (53, 1, 4, 146, 198, 1::bit),
    (53, 1, 5, 150, 196, 1::bit),
    (53, 1, 6, 170, 208, 1::bit),
    (53, 1, 7, 156, 184, 0::bit),
    (53, 1, 8, 141, 192, 0::bit),
    (53, 2, 1, 155, 202, 1::bit),
    (53, 2, 2, 146, 184, 0::bit),
    (53, 2, 3, 155, 187, 1::bit),
    (53, 2, 4, 143, 195, 1::bit),
    (53, 2, 5, 137, 183, 0::bit),
    (53, 2, 6, 179, 217, 1::bit),
    (53, 2, 7, 142, 170, 0::bit),
    (53, 2, 8, 137, 188, 0::bit),
    (53, 3, 1, 158, 205, 0::bit),
    (53, 3, 2, 138, 176, 0::bit),
    (53, 3, 3, 175, 207, 1::bit),
    (53, 3, 4, 140, 192, 0::bit),
    (53, 3, 5, 163, 209, 1::bit),
    (53, 3, 6, 155, 193, 1::bit),
    (53, 3, 7, 137, 165, 0::bit),
    (53, 3, 8, 147, 198, 1::bit),
    (54, 1, 9, 145, 189, 1::bit),
    (54, 1, 10, 175, 212, 1::bit),
    (54, 1, 11, 136, 169, 0::bit),
    (54, 1, 12, 138, 189, 0::bit),
    (54, 1, 13, 141, 184, 0::bit),
    (54, 1, 14, 157, 196, 0::bit),
    (54, 1, 15, 174, 208, 1::bit),
    (54, 1, 16, 149, 201, 1::bit),
    (54, 2, 9, 142, 186, 0::bit),
    (54, 2, 10, 170, 207, 0::bit),
    (54, 2, 11, 171, 204, 1::bit),
    (54, 2, 12, 146, 197, 1::bit),
    (54, 2, 13, 163, 206, 1::bit),
    (54, 2, 14, 170, 209, 1::bit),
    (54, 2, 15, 166, 200, 0::bit),
    (54, 2, 16, 139, 191, 0::bit),
    (54, 3, 9, 158, 202, 1::bit),
    (54, 3, 10, 173, 210, 1::bit),
    (54, 3, 11, 182, 215, 1::bit),
    (54, 3, 12, 139, 190, 0::bit),
    (54, 3, 13, 147, 190, 0::bit),
    (54, 3, 14, 150, 189, 0::bit),
    (54, 3, 15, 147, 181, 0::bit),
    (54, 3, 16, 141, 193, 1::bit),
    (55, 1, 17, 137, 182, 0::bit),
    (55, 1, 18, 153, 192, 0::bit),
    (55, 1, 19, 147, 175, 0::bit),
    (55, 1, 20, 138, 189, 0::bit),
    (55, 1, 21, 155, 202, 1::bit),
    (55, 1, 22, 169, 207, 1::bit),
    (55, 1, 23, 161, 193, 1::bit),
    (55, 1, 24, 170, 199, 1::bit),
    (55, 2, 17, 136, 181, 0::bit),
    (55, 2, 18, 155, 194, 0::bit),
    (55, 2, 19, 150, 178, 0::bit),
    (55, 2, 20, 144, 195, 0::bit),
    (55, 2, 21, 148, 195, 1::bit),
    (55, 2, 22, 170, 208, 1::bit),
    (55, 2, 23, 170, 202, 1::bit),
    (55, 2, 24, 172, 201, 1::bit),
    (55, 3, 17, 149, 194, 1::bit),
    (55, 3, 18, 162, 201, 1::bit),
    (55, 3, 19, 183, 211, 1::bit),
    (55, 3, 20, 138, 189, 0::bit),
    (55, 3, 21, 138, 185, 0::bit),
    (55, 3, 22, 136, 174, 0::bit),
    (55, 3, 23, 155, 187, 0::bit),
    (55, 3, 24, 169, 198, 1::bit),
    (56, 1, 25, 142, 187, 1::bit),
    (56, 1, 26, 177, 216, 1::bit),
    (56, 1, 27, 143, 173, 0::bit),
    (56, 1, 28, 142, 193, 0::bit),
    (56, 1, 29, 138, 183, 0::bit),
    (56, 1, 30, 135, 174, 0::bit),
    (56, 1, 31, 175, 207, 1::bit),
    (56, 1, 32, 143, 195, 1::bit),
    (56, 2, 25, 164, 209, 1::bit),
    (56, 2, 26, 151, 190, 0::bit),
    (56, 2, 27, 143, 173, 1::bit),
    (56, 2, 28, 135, 186, 0::bit),
    (56, 2, 29, 149, 194, 0::bit),
    (56, 2, 30, 155, 194, 1::bit),
    (56, 2, 31, 141, 173, 1::bit),
    (56, 2, 32, 141, 193, 1::bit),
    (56, 3, 25, 163, 208, 1::bit),
    (56, 3, 26, 136, 175, 0::bit),
    (56, 3, 27, 182, 212, 1::bit),
    (56, 3, 28, 139, 190, 0::bit),
    (56, 3, 29, 156, 201, 0::bit),
    (56, 3, 30, 165, 204, 1::bit),
    (56, 3, 31, 138, 170, 0::bit),
    (56, 3, 32, 148, 200, 1::bit);

INSERT INTO wazips
    (ZIP, city, state)
VALUES
    ('98001', 'Auburn', 'WA'),
    ('98002', 'Auburn', 'WA'),
    ('98003', 'Federal way', 'WA'),
    ('98004', 'Bellevue', 'WA'),
    ('98005', 'Bellevue', 'WA'),
    ('98006', 'Bellevue', 'WA'),
    ('98007', 'Bellevue', 'WA'),
    ('98008', 'Bellevue', 'WA'),
    ('98010', 'Black diamond', 'WA'),
    ('98011', 'Bothell', 'WA'),
    ('98012', 'Bothell', 'WA'),
    ('98014', 'Carnation', 'WA'),
    ('98019', 'Duvall', 'WA'),
    ('98020', 'Edmonds', 'WA'),
    ('98021', 'Bothell', 'WA'),
    ('98022', 'Enumclaw', 'WA'),
    ('98023', 'Federal way', 'WA'),
    ('98024', 'Fall city', 'WA'),
    ('98026', 'Edmonds', 'WA'),
    ('98027', 'Issaquah', 'WA'),
    ('98028', 'Kenmore', 'WA'),
    ('98029', 'Issaquah', 'WA'),
    ('98030', 'Kent', 'WA'),
    ('98031', 'Kent', 'WA'),
    ('98032', 'Kent', 'WA'),
    ('98033', 'Kirkland', 'WA'),
    ('98034', 'Kirkland', 'WA'),
    ('98036', 'Lynnwood', 'WA'),
    ('98037', 'Lynnwood', 'WA'),
    ('98038', 'Maple valley', 'WA'),
    ('98039', 'Medina', 'WA'),
    ('98040', 'Mercer island', 'WA'),
    ('98042', 'Kent', 'WA'),
    ('98043', 'Mountlake terrace', 'WA'),
    ('98045', 'North bend', 'WA'),
    ('98047', 'Pacific', 'WA'),
    ('98051', 'Ravensdale', 'WA'),
    ('98052', 'Redmond', 'WA'),
    ('98053', 'Redmond', 'WA'),
    ('98055', 'Renton', 'WA'),
    ('98056', 'Renton', 'WA'),
    ('98058', 'Renton', 'WA'),
    ('98059', 'Renton', 'WA'),
    ('98065', 'Snoqualmie', 'WA'),
    ('98070', 'Vashon', 'WA'),
    ('98072', 'Woodinville', 'WA'),
    ('98074', 'Sammamish', 'WA'),
    ('98075', 'Sammamish', 'WA'),
    ('98077', 'Woodinville', 'WA'),
    ('98092', 'Auburn', 'WA'),
    ('98101', 'Seattle', 'WA'),
    ('98102', 'Seattle', 'WA'),
    ('98103', 'Seattle', 'WA'),
    ('98104', 'Seattle', 'WA'),
    ('98105', 'Seattle', 'WA'),
    ('98106', 'Seattle', 'WA'),
    ('98107', 'Seattle', 'WA'),
    ('98108', 'Seattle', 'WA'),
    ('98109', 'Seattle', 'WA'),
    ('98110', 'Bainbridge island', 'WA'),
    ('98112', 'Seattle', 'WA'),
    ('98115', 'Seattle', 'WA'),
    ('98116', 'Seattle', 'WA'),
    ('98117', 'Seattle', 'WA'),
    ('98118', 'Seattle', 'WA'),
    ('98119', 'Seattle', 'WA'),
    ('98121', 'Seattle', 'WA'),
    ('98122', 'Seattle', 'WA'),
    ('98125', 'Seattle', 'WA'),
    ('98126', 'Seattle', 'WA'),
    ('98131', 'Seattle', 'WA'),
    ('98132', 'Seattle', 'WA'),
    ('98133', 'Seattle', 'WA'),
    ('98134', 'Seattle', 'WA'),
    ('98136', 'Seattle', 'WA'),
    ('98144', 'Seattle', 'WA'),
    ('98146', 'Seattle', 'WA'),
    ('98148', 'Seattle', 'WA'),
    ('98154', 'Seattle', 'WA'),
    ('98155', 'Seattle', 'WA'),
    ('98158', 'Seattle', 'WA'),
    ('98161', 'Seattle', 'WA'),
    ('98164', 'Seattle', 'WA'),
    ('98166', 'Seattle', 'WA'),
    ('98168', 'Seattle', 'WA'),
    ('98174', 'Seattle', 'WA'),
    ('98177', 'Seattle', 'WA'),
    ('98178', 'Seattle', 'WA'),
    ('98188', 'Seattle', 'WA'),
    ('98198', 'Seattle', 'WA'),
    ('98199', 'Seattle', 'WA'),
    ('98201', 'Everett', 'WA'),
    ('98203', 'Everett', 'WA'),
    ('98204', 'Everett', 'WA'),
    ('98205', 'Everett', 'WA'),
    ('98208', 'Everett', 'WA'),
    ('98220', 'Acme', 'WA'),
    ('98221', 'Anacortes', 'WA'),
    ('98222', 'Blakely island', 'WA'),
    ('98223', 'Arlington', 'WA'),
    ('98225', 'Bellingham', 'WA'),
    ('98226', 'Bellingham', 'WA'),
    ('98229', 'Bellingham', 'WA'),
    ('98230', 'Blaine', 'WA'),
    ('98232', 'Bow', 'WA'),
    ('98233', 'Burlington', 'WA'),
    ('98236', 'Clinton', 'WA'),
    ('98237', 'Concrete', 'WA'),
    ('98239', 'Coupeville', 'WA'),
    ('98240', 'Custer', 'WA'),
    ('98241', 'Darrington', 'WA'),
    ('98244', 'Deming', 'WA'),
    ('98245', 'Eastsound', 'WA'),
    ('98247', 'Everson', 'WA'),
    ('98248', 'Ferndale', 'WA'),
    ('98249', 'Freeland', 'WA'),
    ('98250', 'Friday harbor', 'WA'),
    ('98251', 'Gold bar', 'WA'),
    ('98252', 'Granite falls', 'WA'),
    ('98253', 'Greenbank', 'WA'),
    ('98257', 'La conner', 'WA'),
    ('98258', 'Lake stevens', 'WA'),
    ('98260', 'Langley', 'WA'),
    ('98261', 'Lopez island', 'WA'),
    ('98262', 'Lummi island', 'WA'),
    ('98264', 'Lynden', 'WA'),
    ('98266', 'Maple falls', 'WA'),
    ('98267', 'Marblemount', 'WA'),
    ('98270', 'Marysville', 'WA'),
    ('98271', 'Marysville', 'WA'),
    ('98272', 'Monroe', 'WA'),
    ('98273', 'Mount vernon', 'WA'),
    ('98274', 'Mount vernon', 'WA'),
    ('98275', 'Mukilteo', 'WA'),
    ('98277', 'Oak harbor', 'WA'),
    ('98279', 'Olga', 'WA'),
    ('98281', 'Point roberts', 'WA'),
    ('98282', 'Camano island', 'WA'),
    ('98283', 'Rockport', 'WA'),
    ('98284', 'Sedro woolley', 'WA'),
    ('98290', 'Snohomish', 'WA'),
    ('98292', 'Stanwood', 'WA'),
    ('98294', 'Sultan', 'WA'),
    ('98295', 'Sumas', 'WA'),
    ('98296', 'Snohomish', 'WA'),
    ('98303', 'Anderson island', 'WA'),
    ('98304', 'Ashford', 'WA'),
    ('98305', 'Beaver', 'WA'),
    ('98310', 'Bremerton', 'WA'),
    ('98311', 'Bremerton', 'WA'),
    ('98312', 'Bremerton', 'WA'),
    ('98315', 'Silverdale', 'WA'),
    ('98320', 'Brinnon', 'WA'),
    ('98321', 'Buckley', 'WA'),
    ('98323', 'Carbonado', 'WA'),
    ('98325', 'Chimacum', 'WA'),
    ('98326', 'Clallam bay', 'WA'),
    ('98327', 'Dupont', 'WA'),
    ('98328', 'Eatonville', 'WA'),
    ('98329', 'Gig harbor', 'WA'),
    ('98330', 'Elbe', 'WA'),
    ('98331', 'Forks', 'WA'),
    ('98332', 'Gig harbor', 'WA'),
    ('98333', 'Fox island', 'WA'),
    ('98335', 'Gig harbor', 'WA'),
    ('98336', 'Glenoma', 'WA'),
    ('98337', 'Bremerton', 'WA'),
    ('98338', 'Graham', 'WA'),
    ('98339', 'Port hadlock', 'WA'),
    ('98340', 'Hansville', 'WA'),
    ('98342', 'Indianola', 'WA'),
    ('98346', 'Kingston', 'WA'),
    ('98349', 'Lakebay', 'WA'),
    ('98351', 'Longbranch', 'WA'),
    ('98354', 'Milton', 'WA'),
    ('98355', 'Mineral', 'WA'),
    ('98356', 'Morton', 'WA'),
    ('98358', 'Nordland', 'WA'),
    ('98359', 'Olalla', 'WA'),
    ('98360', 'Orting', 'WA'),
    ('98361', 'Packwood', 'WA'),
    ('98362', 'Port angeles', 'WA'),
    ('98363', 'Port angeles', 'WA'),
    ('98365', 'Port ludlow', 'WA'),
    ('98366', 'Port orchard', 'WA'),
    ('98367', 'Port orchard', 'WA'),
    ('98368', 'Port townsend', 'WA'),
    ('98370', 'Poulsbo', 'WA'),
    ('98371', 'Puyallup', 'WA'),
    ('98372', 'Puyallup', 'WA'),
    ('98373', 'Puyallup', 'WA'),
    ('98374', 'Puyallup', 'WA'),
    ('98375', 'Puyallup', 'WA'),
    ('98376', 'Quilcene', 'WA'),
    ('98377', 'Randle', 'WA'),
    ('98380', 'Seabeck', 'WA'),
    ('98381', 'Sekiu', 'WA'),
    ('98382', 'Sequim', 'WA'),
    ('98383', 'Silverdale', 'WA'),
    ('98387', 'Spanaway', 'WA'),
    ('98388', 'Steilacoom', 'WA'),
    ('98390', 'Sumner', 'WA'),
    ('98392', 'Suquamish', 'WA'),
    ('98394', 'Vaughn', 'WA'),
    ('98402', 'Tacoma', 'WA'),
    ('98403', 'Tacoma', 'WA'),
    ('98404', 'Tacoma', 'WA'),
    ('98405', 'Tacoma', 'WA'),
    ('98406', 'Tacoma', 'WA'),
    ('98407', 'Tacoma', 'WA'),
    ('98408', 'Tacoma', 'WA'),
    ('98409', 'Tacoma', 'WA'),
    ('98413', 'Tacoma', 'WA'),
    ('98418', 'Tacoma', 'WA'),
    ('98421', 'Tacoma', 'WA'),
    ('98422', 'Tacoma', 'WA'),
    ('98424', 'Tacoma', 'WA'),
    ('98433', 'Tacoma', 'WA'),
    ('98439', 'Lakewood', 'WA'),
    ('98443', 'Tacoma', 'WA'),
    ('98444', 'Tacoma', 'WA'),
    ('98445', 'Tacoma', 'WA'),
    ('98446', 'Tacoma', 'WA'),
    ('98465', 'Tacoma', 'WA'),
    ('98466', 'Tacoma', 'WA'),
    ('98467', 'University place', 'WA'),
    ('98498', 'Lakewood', 'WA'),
    ('98499', 'Lakewood', 'WA'),
    ('98501', 'Olympia', 'WA'),
    ('98502', 'Olympia', 'WA'),
    ('98503', 'Lacey', 'WA'),
    ('98506', 'Olympia', 'WA'),
    ('98512', 'Olympia', 'WA'),
    ('98513', 'Olympia', 'WA'),
    ('98516', 'Olympia', 'WA'),
    ('98520', 'Aberdeen', 'WA'),
    ('98524', 'Allyn', 'WA'),
    ('98526', 'Amanda park', 'WA'),
    ('98528', 'Belfair', 'WA'),
    ('98531', 'Centralia', 'WA'),
    ('98532', 'Chehalis', 'WA'),
    ('98533', 'Cinebar', 'WA'),
    ('98535', 'Copalis beach', 'WA'),
    ('98536', 'Copalis crossing', 'WA'),
    ('98537', 'Cosmopolis', 'WA'),
    ('98538', 'Curtis', 'WA'),
    ('98541', 'Elma', 'WA'),
    ('98542', 'Ethel', 'WA'),
    ('98546', 'Grapeview', 'WA'),
    ('98547', 'Grayland', 'WA'),
    ('98548', 'Hoodsport', 'WA'),
    ('98550', 'Hoquiam', 'WA'),
    ('98552', 'Humptulips', 'WA'),
    ('98555', 'Lilliwaup', 'WA'),
    ('98557', 'Mc_cleary', 'WA'),
    ('98560', 'Matlock', 'WA'),
    ('98563', 'Montesano', 'WA'),
    ('98564', 'Mossyrock', 'WA'),
    ('98568', 'Oakville', 'WA'),
    ('98569', 'Ocean shores', 'WA'),
    ('98570', 'Onalaska', 'WA'),
    ('98572', 'Pe ell', 'WA'),
    ('98575', 'Quinault', 'WA'),
    ('98576', 'Rainier', 'WA'),
    ('98577', 'Raymond', 'WA'),
    ('98579', 'Rochester', 'WA'),
    ('98580', 'Roy', 'WA'),
    ('98581', 'Ryderwood', 'WA'),
    ('98582', 'Salkum', 'WA'),
    ('98584', 'Shelton', 'WA'),
    ('98585', 'Silver creek', 'WA'),
    ('98586', 'South bend', 'WA'),
    ('98588', 'Tahuya', 'WA'),
    ('98589', 'Tenino', 'WA'),
    ('98590', 'Tokeland', 'WA'),
    ('98591', 'Toledo', 'WA'),
    ('98592', 'Union', 'WA'),
    ('98593', 'Vader', 'WA'),
    ('98595', 'Westport', 'WA'),
    ('98596', 'Winlock', 'WA'),
    ('98597', 'Yelm', 'WA'),
    ('98601', 'Amboy', 'WA'),
    ('98602', 'Appleton', 'WA'),
    ('98603', 'Ariel', 'WA'),
    ('98604', 'Battle ground', 'WA'),
    ('98605', 'Bingen', 'WA'),
    ('98606', 'Brush prairie', 'WA'),
    ('98607', 'Camas', 'WA'),
    ('98609', 'Carrolls', 'WA'),
    ('98610', 'Carson', 'WA'),
    ('98611', 'Castle rock', 'WA'),
    ('98612', 'Cathlamet', 'WA'),
    ('98613', 'Centerville', 'WA'),
    ('98616', 'Cougar', 'WA'),
    ('98619', 'Glenwood', 'WA'),
    ('98620', 'Goldendale', 'WA'),
    ('98621', 'Grays river', 'WA'),
    ('98624', 'Ilwaco', 'WA'),
    ('98625', 'Kalama', 'WA'),
    ('98626', 'Kelso', 'WA'),
    ('98628', 'Klickitat', 'WA'),
    ('98629', 'La center', 'WA'),
    ('98631', 'Long beach', 'WA'),
    ('98632', 'Longview', 'WA'),
    ('98635', 'Lyle', 'WA'),
    ('98638', 'Naselle', 'WA'),
    ('98640', 'Ocean park', 'WA'),
    ('98642', 'Ridgefield', 'WA'),
    ('98643', 'Rosburg', 'WA'),
    ('98645', 'Silverlake', 'WA'),
    ('98647', 'Skamokawa', 'WA'),
    ('98648', 'Stevenson', 'WA'),
    ('98649', 'Toutle', 'WA'),
    ('98650', 'Trout lake', 'WA'),
    ('98651', 'Underwood', 'WA'),
    ('98660', 'Vancouver', 'WA'),
    ('98661', 'Vancouver', 'WA'),
    ('98662', 'Vancouver', 'WA'),
    ('98663', 'Vancouver', 'WA'),
    ('98664', 'Vancouver', 'WA'),
    ('98665', 'Vancouver', 'WA'),
    ('98670', 'Wahkiacus', 'WA'),
    ('98671', 'Washougal', 'WA'),
    ('98672', 'White salmon', 'WA'),
    ('98674', 'Woodland', 'WA'),
    ('98675', 'Yacolt', 'WA'),
    ('98682', 'Vancouver', 'WA'),
    ('98683', 'Vancouver', 'WA'),
    ('98684', 'Vancouver', 'WA'),
    ('98685', 'Vancouver', 'WA'),
    ('98686', 'Vancouver', 'WA'),
    ('98801', 'Wenatchee', 'WA'),
    ('98802', 'East wenatchee', 'WA'),
    ('98812', 'Brewster', 'WA'),
    ('98813', 'Bridgeport', 'WA'),
    ('98814', 'Carlton', 'WA'),
    ('98815', 'Cashmere', 'WA'),
    ('98816', 'Chelan', 'WA'),
    ('98822', 'Entiat', 'WA'),
    ('98823', 'Ephrata', 'WA'),
    ('98826', 'Leavenworth', 'WA'),
    ('98827', 'Loomis', 'WA'),
    ('98828', 'Malaga', 'WA'),
    ('98830', 'Mansfield', 'WA'),
    ('98831', 'Manson', 'WA'),
    ('98832', 'Marlin', 'WA'),
    ('98833', 'Mazama', 'WA'),
    ('98834', 'Methow', 'WA'),
    ('98837', 'Moses lake', 'WA'),
    ('98840', 'Okanogan', 'WA'),
    ('98841', 'Omak', 'WA'),
    ('98843', 'Orondo', 'WA'),
    ('98844', 'Oroville', 'WA'),
    ('98845', 'Palisades', 'WA'),
    ('98846', 'Pateros', 'WA'),
    ('98847', 'Peshastin', 'WA'),
    ('98848', 'Quincy', 'WA'),
    ('98849', 'Riverside', 'WA'),
    ('98850', 'Rock island', 'WA'),
    ('98851', 'Soap lake', 'WA'),
    ('98855', 'Tonasket', 'WA'),
    ('98856', 'Twisp', 'WA'),
    ('98857', 'Warden', 'WA'),
    ('98858', 'Waterville', 'WA'),
    ('98859', 'Wauconda', 'WA'),
    ('98862', 'Winthrop', 'WA'),
    ('98901', 'Yakima', 'WA'),
    ('98902', 'Yakima', 'WA'),
    ('98903', 'Yakima', 'WA'),
    ('98908', 'Yakima', 'WA'),
    ('98922', 'Cle elum', 'WA'),
    ('98923', 'Cowiche', 'WA'),
    ('98926', 'Ellensburg', 'WA'),
    ('98929', 'Goose prairie', 'WA'),
    ('98930', 'Grandview', 'WA'),
    ('98932', 'Granger', 'WA'),
    ('98933', 'Harrah', 'WA'),
    ('98935', 'Mabton', 'WA'),
    ('98936', 'Moxee', 'WA'),
    ('98937', 'Naches', 'WA'),
    ('98938', 'Outlook', 'WA'),
    ('98942', 'Selah', 'WA'),
    ('98944', 'Sunnyside', 'WA'),
    ('98946', 'Thorp', 'WA'),
    ('98947', 'Tieton', 'WA'),
    ('98948', 'Toppenish', 'WA'),
    ('98951', 'Wapato', 'WA'),
    ('98952', 'White swan', 'WA'),
    ('98953', 'Zillah', 'WA'),
    ('99001', 'Airway heights', 'WA'),
    ('99003', 'Chattaroy', 'WA'),
    ('99004', 'Cheney', 'WA'),
    ('99005', 'Colbert', 'WA'),
    ('99006', 'Deer park', 'WA'),
    ('99008', 'Edwall', 'WA'),
    ('99009', 'Elk', 'WA'),
    ('99011', 'Fairchild AFB', 'WA'),
    ('99012', 'Fairfield', 'WA'),
    ('99013', 'Ford', 'WA'),
    ('99015', 'Freeman', 'WA'),
    ('99016', 'Greenacres', 'WA'),
    ('99017', 'Lamont', 'WA'),
    ('99018', 'Latah', 'WA'),
    ('99019', 'Liberty lake', 'WA'),
    ('99021', 'Mead', 'WA'),
    ('99022', 'Medical lake', 'WA'),
    ('99023', 'Mica', 'WA'),
    ('99025', 'Newman lake', 'WA'),
    ('99026', 'Nine mile falls', 'WA'),
    ('99027', 'Otis orchards', 'WA'),
    ('99029', 'Reardan', 'WA'),
    ('99030', 'Rockford', 'WA'),
    ('99031', 'Spangle', 'WA'),
    ('99032', 'Sprague', 'WA'),
    ('99033', 'Tekoa', 'WA'),
    ('99034', 'Tumtum', 'WA'),
    ('99036', 'Valleyford', 'WA'),
    ('99037', 'Veradale', 'WA'),
    ('99040', 'Wellpinit', 'WA'),
    ('99101', 'Addy', 'WA'),
    ('99103', 'Almira', 'WA'),
    ('99105', 'Benge', 'WA'),
    ('99107', 'Boyds', 'WA'),
    ('99109', 'Chewelah', 'WA'),
    ('99110', 'Clayton', 'WA'),
    ('99111', 'Colfax', 'WA'),
    ('99113', 'Colton', 'WA'),
    ('99114', 'Colville', 'WA'),
    ('99115', 'Coulee city', 'WA'),
    ('99116', 'Coulee dam', 'WA'),
    ('99117', 'Creston', 'WA'),
    ('99118', 'Curlew', 'WA'),
    ('99119', 'Cusick', 'WA'),
    ('99121', 'Danville', 'WA'),
    ('99122', 'Davenport', 'WA'),
    ('99123', 'Electric city', 'WA'),
    ('99125', 'Endicott', 'WA'),
    ('99126', 'Evans', 'WA'),
    ('99127', 'Saint john', 'WA'),
    ('99128', 'Farmington', 'WA'),
    ('99129', 'Fruitland', 'WA'),
    ('99130', 'Garfield', 'WA'),
    ('99131', 'Gifford', 'WA'),
    ('99133', 'Grand coulee', 'WA'),
    ('99134', 'Harrington', 'WA'),
    ('99135', 'Hartline', 'WA'),
    ('99136', 'Hay', 'WA'),
    ('99137', 'Hunters', 'WA'),
    ('99138', 'Inchelium', 'WA'),
    ('99139', 'Ione', 'WA'),
    ('99140', 'Keller', 'WA'),
    ('99141', 'Kettle falls', 'WA'),
    ('99143', 'Lacrosse', 'WA'),
    ('99144', 'Lamona', 'WA'),
    ('99147', 'Lincoln', 'WA'),
    ('99148', 'Loon lake', 'WA'),
    ('99150', 'Malo', 'WA'),
    ('99153', 'Metaline falls', 'WA'),
    ('99154', 'Mohler', 'WA'),
    ('99156', 'Newport', 'WA'),
    ('99157', 'Northport', 'WA'),
    ('99158', 'Oakesdale', 'WA'),
    ('99159', 'Odessa', 'WA'),
    ('99160', 'Orient', 'WA'),
    ('99161', 'Palouse', 'WA'),
    ('99163', 'Pullman', 'WA'),
    ('99166', 'Republic', 'WA'),
    ('99167', 'Rice', 'WA'),
    ('99169', 'Ritzville', 'WA'),
    ('99170', 'Rosalia', 'WA'),
    ('99171', 'Saint john', 'WA'),
    ('99173', 'Springdale', 'WA'),
    ('99176', 'Thornton', 'WA'),
    ('99179', 'Uniontown', 'WA'),
    ('99180', 'Usk', 'WA'),
    ('99181', 'Valley', 'WA'),
    ('99185', 'Wilbur', 'WA'),
    ('99201', 'Spokane', 'WA'),
    ('99202', 'Spokane', 'WA'),
    ('99203', 'Spokane', 'WA'),
    ('99204', 'Spokane', 'WA'),
    ('99205', 'Spokane', 'WA'),
    ('99206', 'Spokane', 'WA'),
    ('99207', 'Spokane', 'WA'),
    ('99208', 'Spokane', 'WA'),
    ('99212', 'Spokane', 'WA'),
    ('99216', 'Spokane', 'WA'),
    ('99217', 'Spokane', 'WA'),
    ('99218', 'Spokane', 'WA'),
    ('99223', 'Spokane', 'WA'),
    ('99224', 'Spokane', 'WA'),
    ('99301', 'Pasco', 'WA'),
    ('99320', 'Benton city', 'WA'),
    ('99321', 'Beverly', 'WA'),
    ('99322', 'Bickleton', 'WA'),
    ('99323', 'Burbank', 'WA'),
    ('99324', 'College place', 'WA'),
    ('99326', 'Connell', 'WA'),
    ('99327', 'Cunningham', 'WA'),
    ('99328', 'Dayton', 'WA'),
    ('99330', 'Eltopia', 'WA'),
    ('99336', 'Kennewick', 'WA'),
    ('99337', 'Kennewick', 'WA'),
    ('99338', 'Kennewick', 'WA'),
    ('99341', 'Lind', 'WA'),
    ('99343', 'Mesa', 'WA'),
    ('99344', 'Othello', 'WA'),
    ('99347', 'Pomeroy', 'WA'),
    ('99348', 'Prescott', 'WA'),
    ('99349', 'Mattawa', 'WA'),
    ('99350', 'Prosser', 'WA'),
    ('99352', 'Richland', 'WA'),
    ('99353', 'West richland', 'WA'),
    ('99354', 'Richland', 'WA'),
    ('99356', 'Roosevelt', 'WA'),
    ('99357', 'Royal city', 'WA'),
    ('99360', 'Touchet', 'WA'),
    ('99361', 'Waitsburg', 'WA'),
    ('99362', 'Walla walla', 'WA'),
    ('99371', 'Washtucna', 'WA'),
    ('99401', 'Anatone', 'WA'),
    ('99402', 'Asotin', 'WA'),
    ('99403', 'Clarkston', 'WA');
