\c sales_orders_modify;

INSERT INTO customers
    (customer_id, cust_first_name, cust_last_name, cust_street_address,
   cust_city, cust_state, cust_zip_code, cust_area_code,
   cust_phone_number)
VALUES
    (1001, 'Suzanne', 'Viescas', '15127 NE 24th, #383',
   'Redmond', 'WA', '98052', 425, '555-2686'),
    (1002, 'William', 'Thompson', '122 spring river drive',
   'Duvall', 'WA', '98019', 425, '555-2681'),
    (1003, 'Gary', 'Hallmark', 'Route 2, box 203_b',
   'Auburn', 'WA', '98002', 253, '555-2676'),
    (1004, 'Robert', 'Brown', '672 lamont ave',
   'Houston', 'TX', '77201', 713, '555-2491'),
    (1005, 'Dean', 'Mc_crae', '4110 old redmond rd.',
   'Redmond', 'WA', '98052', 425, '555-2506'),
    (1006, 'John', 'Viescas', '15127 NE 24th, #383',
   'Redmond', 'WA', '98052', 425, '555-2511'),
    (1007, 'Mariya', 'Sergienko', '901 pine avenue',
   'Portland', 'OR', '97208', 503, '555-2526'),
    (1008, 'Neil', 'Patterson', '233 west valley hwy',
   'San diego', 'CA', '92199', 619, '555-2541'),
    (1009, 'Andrew', 'Cencini', '507 - 20th ave. E.
apt. 2_a',
   'Seattle', 'WA', '98105', 206, '555-2601'),
    (1010, 'Angel', 'Kennedy', '667 red river road',
   'Austin', 'TX', '78710', 512, '555-2571'),
    (1011, 'Alaina', 'Hallmark', 'Route 2, box 203_b',
   'Woodinville', 'WA', '98072', 425, '555-2631'),
    (1012, 'Liz', 'Keyser', '13920 S.E. 40th street',
   'Bellevue', 'WA', '98006', 425, '555-2556'),
    (1013, 'Rachel', 'Patterson', '2114 longview lane',
   'San diego', 'CA', '92199', 619, '555-2546'),
    (1014, 'Sam', 'Abolrous', '611 alpine drive',
   'Palm springs', 'CA', '92263', 760, '555-2611'),
    (1015, 'Darren', 'Gehring', '2601 seaview lane',
   'Chico', 'CA', '95926', 530, '555-2616'),
    (1016, 'Jim', 'Wilson', '101 NE 88th', 'Salem',
   'OR', '97301', 503, '555-2636'),
    (1017, 'Manuela', 'Seidel', '66 spring valley drive',
   'Medford', 'OR', '97501', 541, '555-2641'),
    (1018, 'David', 'Smith', '311 20th ave. N.E.',
   'Fremont', 'CA', '94538', 510, '555-2646'),
    (1019, 'Zachary', 'Ehrlich', '12330 kingman drive',
   'Glendale', 'CA', '91209', 818, '555-2721'),
    (1020, 'Joyce', 'Bonnicksen', '2424 thames drive',
   'Bellevue', 'WA', '98006', 425, '555-2726'),
    (1021, 'Estella', 'Pundt', '2500 rosales lane',
   'Dallas', 'TX', '75260', 972, '555-9938'),
    (1022, 'Caleb', 'Viescas', '4501 wetland road',
   'Long beach', 'CA', '90809', 562, '555-0037'),
    (1023, 'Julia', 'Schnebly', '2343 harmony lane',
   'Seattle', 'WA', '99837', 206, '555-9936'),
    (1024, 'Mark', 'Rosales', '323 advocate lane',
   'El paso', 'TX', '79915', 915, '555-2286'),
    (1025, 'Maria', 'Patterson', '3445 cheyenne road',
   'El paso', 'TX', '79915', 915, '555-2291'),
    (1026, 'Kirk', 'De_grasse', '455 west palm ave',
   'San antonio', 'TX', '78284', 210, '555-2311'),
    (1027, 'Luke', 'Patterson', '877 145th ave SE',
   'Portland', 'OR', '97208', 503, '555-2316'),
    (1028, 'Jeffrey', 'Tirekicker', '15622 NE 42nd ct',
   'Redmond', 'WA', '98052', 425, '555-9999');

INSERT INTO employees
    (employee_id, emp_first_name, emp_last_name, emp_street_address,
   emp_city, emp_state, emp_zip_code, emp_area_code, emp_phone_number)
VALUES
    (701, 'Ann', 'Patterson', '16 maple lane',
   'Auburn', 'WA', '98002', 253, '555-2591'),
    (702, 'Mary', 'Thompson', '122 spring river drive',
   'Duvall', 'WA', '98019', 425, '555-2516'),
    (703, 'Matt', 'Berg', '908 W. capital way',
   'Tacoma', 'WA', '98413', 253, '555-2581'),
    (704, 'Carol', 'Viescas', '722 moss bay blvd.',
   'Kirkland', 'WA', '98033', 425, '555-2576'),
    (705, 'Kirk', 'De_grasse', '455 west palm ave',
   'San antonio', 'TX', '78284', 210, '5552311'),
    (706, 'David', 'Viescas', '16679 NE 42nd court',
   'Redmond', 'WA', '98052', 425, '555-2661'),
    (707, 'Kathryn', 'Patterson', '554 E. wilshire
apt. 2_a',
   'Seattle', 'WA', '98105', 206, '555-2697'),
    (708, 'Susan', 'Mc_lain', '511 lenora ave',
   'Bellevue', 'WA', '98006', 425, '555-2301'),
    (709, 'Daffy', 'Dumbwit', '12345 main st',
   'Nowhere', 'TX', '77055', 515, '555-9998');

INSERT INTO vendors
    (vendor_id, vend_name, vend_street_address, vend_city,
   vend_state, vend_zip_code, vend_phone_number, vend_fax_number,
   vend_web_page, vend_email_address)
VALUES
    (1, 'Shinoman, incorporated', '3042 19th avenue south',
   'Bellevue', 'WA', '98001', '(425) 888-1234', '(425) 888-1235',
   '#http://www.shinoman.com/#', 'Sales@Shiniman.com'),
    (2, 'Viscount', '1911 commerce way', 'St. louis',
   'MO', '63127', '(314) 777-1234', '(314) 777-1235',
   '#http://www.viscountbikes.com/#', 'Orders@Viscount_bikes.com'),
    (3, 'Nikoma of america', '88 old north road ave',
   'Ballard', 'WA', '91324', '(206) 666-1234', '(314) 666-1235',
   '#http://www.nikomabikes.com/#', 'Buy_bikes@Nikoma_bikes.com'),
    (4, 'Pro_formance', '29 N. quail st.', 'Albany',
   'NY', '12012', '(518) 444-1234', '(518) 444-1235',
   '#http://www.Pro_form_bikes.com/#', 'Sales@Pro_form_bikes.com'),
    (5, 'Kona, incorporated', 'PO box 10429',
   'Redmond', 'WA', '98052', '(425) 333-1234', '(425) 333-1235',
   '#http://www.konabikes.com/#', 'Sales@Kona_bikes.com'),
    (6, 'Big sky mountain bikes', 'Glacier bay south',
   'Anchorage', 'AK', '99209', '(907) 222-1234', '(907) 222-1235',
   NULL, NULL),
    (7, 'Dog ear', '575 madison ave.', 'New york',
   'NY', '10003', '(212) 888-9876', '(212) 888-9877',
   NULL, NULL),
    (8, 'Sun sports suppliers', 'PO box 8082',
   'Santa monica', 'CA', '91003', '(310) 777-9876',
   '(310) 777-9877', NULL, NULL),
    (9, 'Lone star bike supply', '7402 kingman drive',
   'El paso', 'TX', '79915', '(915) 666-9876', '(915) 666-9877',
   NULL, NULL),
    (10, 'Armadillo brand', '12330 side road lane',
   'Dallas', 'TX', '75137', '(214) 444-9876', '(214) 444-9877',
   '#http://www.Dillo_bikes.com/#', 'Bike_products@Dillo_bikes.com'),
    (11, 'Astro paper products', '5639 N. riverside',
   'Chicago', 'IL', '60637', '(312) 555-9876', '(312) 555-9875',
   NULL, NULL);

INSERT INTO categories
    (category_id, category_description)
VALUES
    (1, 'Accessories'),
    (2, 'Bikes'),
    (3, 'Clothing'),
    (4, 'Components'),
    (5, 'Car racks'),
    (6, 'Wheels'),
    (7, 'Scooters');

INSERT INTO products
    (product_number, product_name, product_description,
   retail_price, quantity_on_hand, category_id)
VALUES
    (1, 'Trek 9000 mountain bike', NULL, 1200,
   6, 2),
    (2, 'Eagle FS-3 mountain bike', NULL, 1800,
   8, 2),
    (3, 'Dog ear cyclecomputer', NULL, 75, 20,
   1),
    (4, 'Victoria pro all weather tires', NULL,
   54.95, 20, 4),
    (5, 'Dog ear helmet mount mirrors', NULL,
   7.45, 12, 1),
    (6, 'Viscount mountain bike', NULL, 635, 5,
   2),
    (7, 'Viscount C-500 wireless bike computer',
   NULL, 49, 30, 1),
    (8, 'Kryptonite advanced 2000 U-Lock', NULL,
   50, 20, 1),
    (9, 'Nikoma lok-Tight U-Lock', NULL, 33, 12,
   1),
    (10, 'Viscount microshell helmet', NULL, 36,
   20, 1),
    (11, 'GT RTS-2 mountain bike', NULL, 1650,
   5, 2),
    (12, 'Shinoman 105 SC brakes', NULL, 23.5,
   16, 4),
    (13, 'Shinoman dura-Ace headset', NULL, 67.5,
   20, 4),
    (14, 'Eagle SA-120 clipless pedals', NULL,
   139.95, 20, 4),
    (15, 'Pro_formance toe-Klips 2_g', NULL, 4.99,
   40, 4),
    (16, 'Pro_formance ATB all-Terrain pedal',
   NULL, 28, 40, 4),
    (17, 'Shinoman deluxe TX-30 pedal', NULL,
   45, 60, 4),
    (18, 'Viscount cardio_sport sport watch', NULL,
   179, 12, 1),
    (19, 'Viscount tru-Beat heart transmitter',
   NULL, 47, 20, 1),
    (20, 'Dog ear monster grip gloves', NULL,
   15, 30, 1),
    (21, 'Dog ear aero-Flow floor pump', NULL,
   55, 25, 1),
    (22, 'Pro-Sport ''Dillo shades', NULL, 82,
   18, 1),
    (23, 'Ultra-Pro rain jacket', NULL, 85, 30,
   3),
    (24, 'Sta_dry cycling pants', NULL, 69, 22,
   3),
    (25, 'King cobra helmet', NULL, 139, 30, 1),
    (26, 'Glide-O-Matic cycling helmet', NULL,
   125, 24, 1),
    (27, 'X-Pro all weather tires', NULL, 24,
   20, 6),
    (28, 'Turbo twin tires', NULL, 29, 18, 6),
    (29, 'Ultra-2_k competition tire', NULL, 34,
   22, 6),
    (30, 'Clear shade 85-T glasses', NULL, 45,
   14, 1),
    (31, 'True grip competition gloves', NULL,
   22, 20, 1),
    (32, 'Kool-Breeze rocket top jersey', NULL,
   32, 12, 3),
    (33, 'Wonder wool cycle socks', NULL, 19,
   30, 3),
    (34, 'Trans_port bicycle rack', NULL, 27, 14,
   1),
    (35, 'HP deluxe panniers', NULL, 39, 10, 1),
    (36, 'Cosmic elite road warrior wheels', NULL,
   165, 22, 4),
    (37, 'Aero_flo ATB wheels', NULL, 189, 40,
   4),
    (38, 'Cycle-Doc pro repair stand', NULL, 166,
   12, 1),
    (39, 'Road warrior hitch pack', NULL, 175,
   6, 5),
    (40, 'Ultimate export 2_g car rack', NULL,
   180, 8, 5);

INSERT INTO orders
    (order_number, order_date, ship_date, customer_id, employee_id,
   order_total)
VALUES
    (1, '2012-09-01', '2012-09-04', 1018, 707,
   12751.85),
    (2, '2012-09-01', '2012-09-03', 1001, 703,
   816),
    (3, '2012-09-01', '2012-09-04', 1002, 707,
   11912.45),
    (4, '2012-09-01', '2012-09-03', 1009, 703,
   6601.73),
    (5, '2012-09-01', '2012-09-01', 1024, 708,
   5544.75),
    (6, '2012-09-01', '2012-09-05', 1014, 702,
   9820.29),
    (7, '2012-09-01', '2012-09-04', 1001, 708,
   467.85),
    (8, '2012-09-01', '2012-09-01', 1003, 703,
   1492.6),
    (9, '2012-09-01', '2012-09-04', 1007, 708,
   69),
    (10, '2012-09-01', '2012-09-04', 1012, 701,
   2607),
    (11, '2012-09-02', '2012-09-04', 1020, 706,
   11070.65),
    (12, '2012-09-02', '2012-09-05', 1024, 706,
   72),
    (13, '2012-09-02', '2012-09-02', 1024, 704,
   7545),
    (14, '2012-09-02', '2012-09-03', 1013, 704,
   6819.9),
    (15, '2012-09-02', '2012-09-06', 1004, 701,
   2974.25),
    (16, '2012-09-02', '2012-09-06', 1001, 707,
   2007.54),
    (17, '2012-09-02', '2012-09-03', 1014, 702,
   4834.98),
    (18, '2012-09-02', '2012-09-03', 1016, 708,
   807.8),
    (19, '2012-09-02', '2012-09-06', 1027, 707,
   15278.98),
    (20, '2012-09-02', '2012-09-02', 1011, 706,
   4699.98),
    (21, '2012-09-03', '2012-09-03', 1014, 702,
   709.97),
    (22, '2012-09-03', '2012-09-07', 1026, 702,
   6456.16),
    (23, '2012-09-03', '2012-09-04', 1017, 705,
   16331.91),
    (24, '2012-09-03', '2012-09-05', 1010, 705,
   864.85),
    (25, '2012-09-03', '2012-09-04', 1017, 708,
   10142.15),
    (26, '2012-09-04', '2012-09-08', 1013, 707,
   7266.93),
    (27, '2012-09-04', '2012-09-05', 1014, 703,
   8002.75),
    (28, '2012-09-04', '2012-09-08', 1004, 703,
   335.68),
    (29, '2012-09-04', '2012-09-08', 1015, 707,
   664),
    (30, '2012-09-04', '2012-09-08', 1010, 708,
   7268.98),
    (31, '2012-09-05', '2012-09-09', 1014, 701,
   162.96),
    (32, '2012-09-05', '2012-09-09', 1012, 704,
   8743.63),
    (33, '2012-09-05', '2012-09-06', 1024, 704,
   2369.53),
    (34, '2012-09-06', '2012-09-07', 1010, 705,
   411.28),
    (35, '2012-09-06', '2012-09-06', 1012, 701,
   5095.15),
    (36, '2012-09-06', '2012-09-07', 1007, 705,
   7.45),
    (37, '2012-09-07', '2012-09-11', 1027, 702,
   1718.78),
    (38, '2012-09-07', '2012-09-11', 1017, 702,
   700),
    (39, '2012-09-07', '2012-09-10', 1004, 704,
   20221.75),
    (40, '2012-09-07', '2012-09-07', 1017, 703,
   1018.15),
    (41, '2012-09-07', '2012-09-07', 1008, 706,
   1723.42),
    (42, '2012-09-07', '2012-09-10', 1012, 704,
   6174),
    (43, '2012-09-07', '2012-09-11', 1020, 705,
   7140.68),
    (44, '2012-09-07', '2012-09-08', 1005, 701,
   2365.2),
    (45, '2012-09-08', '2012-09-08', 1008, 708,
   17889.25),
    (46, '2012-09-08', '2012-09-09', 1018, 707,
   78),
    (47, '2012-09-08', '2012-09-10', 1023, 708,
   5820),
    (48, '2012-09-08', '2012-09-11', 1004, 707,
   1397.88),
    (49, '2012-09-08', '2012-09-08', 1015, 704,
   1254.5),
    (50, '2012-09-08', '2012-09-12', 1002, 704,
   477.94),
    (51, '2012-09-08', '2012-09-08', 1018, 707,
   1200),
    (52, '2012-09-09', '2012-09-11', 1001, 701,
   261.9),
    (53, '2012-09-09', '2012-09-09', 1004, 706,
   19615),
    (54, '2012-09-09', '2012-09-09', 1007, 707,
   72),
    (55, '2012-09-09', '2012-09-11', 1001, 707,
   36),
    (56, '2012-09-09', '2012-09-12', 1014, 702,
   3380.8),
    (57, '2012-09-09', '2012-09-10', 1009, 703,
   4214.7),
    (58, '2012-09-09', '2012-09-13', 1006, 701,
   3172.5),
    (59, '2012-09-09', '2012-09-09', 1004, 704,
   15504.6),
    (60, '2012-09-09', '2012-09-13', 1013, 708,
   10135.5),
    (61, '2012-09-09', '2012-09-10', 1009, 706,
   4372.25),
    (62, '2012-09-10', '2012-09-13', 1003, 703,
   1335.5),
    (63, '2012-09-10', '2012-09-13', 1023, 708,
   7032),
    (64, '2012-09-10', '2012-09-14', 1027, 708,
   8453.5),
    (65, '2012-09-10', '2012-09-13', 1021, 703,
   13550.1),
    (66, '2012-09-10', '2012-09-11', 1026, 703,
   14541.75),
    (67, '2012-09-10', '2012-09-11', 1025, 702,
   877),
    (68, '2012-09-11', '2012-09-12', 1027, 702,
   273.54),
    (69, '2012-09-11', '2012-09-13', 1021, 705,
   3034.25),
    (70, '2012-09-12', '2012-09-16', 1016, 706,
   595.2),
    (71, '2012-09-12', '2012-09-14', 1016, 708,
   1849.8),
    (72, '2012-09-12', '2012-09-16', 1003, 708,
   1484.13),
    (73, '2012-09-12', '2012-09-15', 1005, 705,
   7159.38),
    (74, '2012-09-12', '2012-09-13', 1002, 703,
   14103.5),
    (75, '2012-09-12', '2012-09-14', 1014, 706,
   6691.7),
    (76, '2012-09-12', '2012-09-15', 1012, 703,
   868.15),
    (77, '2012-09-12', '2012-09-13', 1008, 706,
   2157.9),
    (78, '2012-09-13', '2012-09-16', 1007, 701,
   13498.95),
    (79, '2012-09-13', '2012-09-17', 1006, 703,
   7507),
    (80, '2012-09-13', '2012-09-16', 1025, 708,
   14394.43),
    (81, '2012-09-13', '2012-09-13', 1006, 705,
   1018.5),
    (82, '2012-09-13', '2012-09-16', 1005, 701,
   12861.28),
    (83, '2012-09-13', '2012-09-16', 1021, 708,
   639),
    (84, '2012-09-13', '2012-09-13', 1022, 707,
   1278.96),
    (85, '2012-09-13', '2012-09-15', 1015, 705,
   1807.6),
    (86, '2012-09-13', '2012-09-16', 1009, 701,
   9285.45),
    (87, '2012-09-13', '2012-09-14', 1002, 704,
   6121),
    (88, '2012-09-14', '2012-09-17', 1026, 707,
   960.3),
    (89, '2012-09-14', '2012-09-17', 1003, 703,
   642.04),
    (90, '2012-09-14', '2012-09-15', 1017, 706,
   57),
    (91, '2012-09-14', '2012-09-18', 1010, 703,
   14834.25),
    (92, '2012-09-14', '2012-09-17', 1011, 704,
   4433.95),
    (93, '2012-09-14', '2012-09-17', 1023, 707,
   75),
    (94, '2012-09-14', '2012-09-14', 1010, 701,
   4134.35),
    (95, '2012-09-15', '2012-09-19', 1021, 704,
   9959.15),
    (96, '2012-09-15', '2012-09-16', 1025, 703,
   5574),
    (97, '2012-09-15', '2012-09-18', 1026, 703,
   2584.95),
    (98, '2012-09-15', '2012-09-16', 1009, 706,
   4857),
    (99, '2012-09-15', '2012-09-18', 1002, 703,
   5078),
    (100, '2012-09-15', '2012-09-16', 1002, 707,
   3844.68),
    (101, '2012-09-15', '2012-09-18', 1023, 707,
   1389.64),
    (102, '2012-09-15', '2012-09-17', 1010, 705,
   4869.81),
    (103, '2012-09-15', '2012-09-16', 1025, 702,
   9373.54),
    (104, '2012-09-15', '2012-09-15', 1017, 708,
   4699.98),
    (105, '2012-09-16', '2012-09-18', 1005, 704,
   9345.15),
    (106, '2012-09-16', '2012-09-20', 1020, 708,
   128),
    (107, '2012-09-16', '2012-09-20', 1001, 703,
   1240.4),
    (108, '2012-09-16', '2012-09-19', 1004, 701,
   88),
    (109, '2012-09-16', '2012-09-16', 1013, 703,
   700),
    (110, '2012-09-17', '2012-09-19', 1015, 708,
   641.96),
    (111, '2012-09-17', '2012-09-21', 1021, 707,
   11811.15),
    (112, '2012-09-18', '2012-09-19', 1009, 703,
   414),
    (113, '2012-09-18', '2012-09-22', 1010, 702,
   5744.1),
    (114, '2012-09-18', '2012-09-22', 1011, 706,
   353.25),
    (115, '2012-09-19', '2012-09-21', 1003, 704,
   799),
    (116, '2012-09-19', '2012-09-21', 1004, 701,
   4477.65),
    (117, '2012-09-20', '2012-09-22', 1005, 705,
   10579),
    (118, '2012-09-20', '2012-09-22', 1021, 708,
   110.58),
    (119, '2012-09-20', '2012-09-20', 1013, 701,
   17607),
    (120, '2012-09-20', '2012-09-21', 1024, 702,
   3904.25),
    (121, '2012-09-20', '2012-09-21', 1025, 701,
   2737.83),
    (122, '2012-09-20', '2012-09-24', 1009, 707,
   4633.98),
    (123, '2012-09-20', '2012-09-22', 1004, 704,
   4134.23),
    (124, '2012-09-21', '2012-09-23', 1007, 705,
   7094.58),
    (125, '2012-09-21', '2012-09-21', 1011, 707,
   3951.9),
    (126, '2012-09-22', '2012-09-24', 1016, 708,
   2417.89),
    (127, '2012-09-22', '2012-09-25', 1009, 705,
   8383.15),
    (128, '2012-09-22', '2012-09-26', 1022, 708,
   377.33),
    (129, '2012-09-22', '2012-09-22', 1007, 708,
   69),
    (130, '2012-09-22', '2012-09-24', 1011, 705,
   10388.68),
    (131, '2012-09-22', '2012-09-22', 1014, 706,
   7164),
    (132, '2012-09-22', '2012-09-25', 1007, 705,
   3316.65),
    (133, '2012-09-22', '2012-09-22', 1027, 706,
   66),
    (134, '2012-09-22', '2012-09-24', 1003, 703,
   2291.58),
    (135, '2012-09-23', '2012-09-26', 1005, 701,
   4404.15),
    (136, '2012-09-23', '2012-09-26', 1008, 707,
   11845.5),
    (137, '2012-09-23', '2012-09-23', 1001, 706,
   1235.65),
    (138, '2012-09-24', '2012-09-27', 1001, 702,
   1122.7),
    (139, '2012-09-24', '2012-09-26', 1024, 704,
   128),
    (140, '2012-09-24', '2012-09-24', 1002, 706,
   16779.75),
    (141, '2012-09-24', '2012-09-27', 1014, 706,
   3696.04),
    (142, '2012-09-25', '2012-09-29', 1018, 702,
   3624),
    (143, '2012-09-25', '2012-09-28', 1021, 706,
   180),
    (144, '2012-09-25', '2012-09-29', 1018, 704,
   7846.5),
    (145, '2012-09-26', '2012-09-30', 1027, 701,
   4260),
    (146, '2012-09-26', '2012-09-26', 1021, 708,
   358),
    (147, '2012-09-26', '2012-09-26', 1026, 708,
   4178.73),
    (148, '2012-09-26', '2012-09-30', 1027, 704,
   8742.55),
    (149, '2012-09-27', '2012-09-28', 1004, 707,
   5298),
    (150, '2012-09-27', '2012-09-27', 1024, 701,
   10572.75),
    (151, '2012-09-27', '2012-09-28', 1001, 707,
   276),
    (152, '2012-09-28', '2012-10-02', 1017, 704,
   6067.4),
    (153, '2012-09-29', '2012-09-30', 1003, 702,
   1328.95),
    (154, '2012-09-29', '2012-10-02', 1001, 703,
   1360.05),
    (155, '2012-09-29', '2012-10-03', 1004, 703,
   1044),
    (156, '2012-09-29', '2012-09-30', 1004, 703,
   9004.75),
    (157, '2012-09-29', '2012-10-01', 1010, 707,
   16926.1),
    (158, '2012-09-29', '2012-10-03', 1021, 705,
   320.1),
    (159, '2012-09-29', '2012-10-03', 1005, 707,
   1104.6),
    (160, '2012-09-30', '2012-09-30', 1021, 706,
   11569.25),
    (161, '2012-09-30', '2012-09-30', 1011, 707,
   3088),
    (162, '2012-09-30', '2012-10-01', 1021, 704,
   8024.5),
    (163, '2012-09-30', '2012-09-30', 1004, 707,
   8359.59),
    (164, '2012-10-01', '2012-10-04', 1021, 707,
   7318.65),
    (165, '2012-10-02', '2012-10-02', 1017, 702,
   21674.63),
    (166, '2012-10-03', '2012-10-06', 1022, 706,
   1904.69),
    (167, '2012-10-03', '2012-10-03', 1017, 706,
   7386.94),
    (168, '2012-10-03', '2012-10-05', 1027, 706,
   1882.65),
    (169, '2012-10-03', '2012-10-06', 1025, 708,
   2181.92),
    (170, '2012-10-04', '2012-10-04', 1004, 704,
   5309.75),
    (171, '2012-10-04', '2012-10-05', 1026, 707,
   664),
    (172, '2012-10-04', '2012-10-07', 1018, 704,
   5891),
    (173, '2012-10-04', '2012-10-04', 1015, 704,
   472.98),
    (174, '2012-10-04', '2012-10-08', 1006, 703,
   7149),
    (175, '2012-10-04', '2012-10-07', 1013, 706,
   15909.66),
    (176, '2012-10-04', '2012-10-04', 1025, 701,
   1671.53),
    (177, '2012-10-04', '2012-10-08', 1008, 706,
   5755),
    (178, '2012-10-04', '2012-10-07', 1022, 702,
   927.25),
    (179, '2012-10-04', '2012-10-08', 1017, 708,
   10745.71),
    (180, '2012-10-05', '2012-10-08', 1015, 708,
   760),
    (181, '2012-10-05', '2012-10-05', 1017, 708,
   5759.58),
    (182, '2012-10-05', '2012-10-06', 1002, 702,
   11539.75),
    (183, '2012-10-05', '2012-10-05', 1020, 708,
   4517.19),
    (184, '2012-10-05', '2012-10-09', 1023, 707,
   14414.5),
    (185, '2012-10-05', '2012-10-09', 1017, 702,
   5938),
    (186, '2012-10-05', '2012-10-05', 1002, 704,
   321.38),
    (187, '2012-10-06', '2012-10-07', 1022, 702,
   624.68),
    (188, '2012-10-06', '2012-10-07', 1002, 706,
   7362),
    (189, '2012-10-06', '2012-10-07', 1012, 702,
   808.26),
    (190, '2012-10-06', '2012-10-10', 1024, 708,
   197.88),
    (191, '2012-10-06', '2012-10-07', 1015, 701,
   1552.43),
    (192, '2012-10-06', '2012-10-09', 1022, 702,
   1293.14),
    (193, '2012-10-06', '2012-10-06', 1025, 708,
   6137.9),
    (194, '2012-10-06', '2012-10-08', 1017, 708,
   4406.79),
    (195, '2012-10-07', '2012-10-10', 1025, 703,
   700),
    (196, '2012-10-07', '2012-10-11', 1009, 707,
   3421.48),
    (197, '2012-10-07', '2012-10-10', 1002, 703,
   179),
    (198, '2012-10-07', '2012-10-09', 1002, 703,
   0),
    (199, '2012-10-07', '2012-10-09', 1008, 707,
   1002.2),
    (200, '2012-10-07', '2012-10-08', 1026, 706,
   7551.98),
    (201, '2012-10-07', '2012-10-08', 1018, 701,
   43.38),
    (202, '2012-10-07', '2012-10-09', 1020, 705,
   525),
    (203, '2012-10-08', '2012-10-08', 1023, 708,
   6057.45),
    (204, '2012-10-08', '2012-10-08', 1026, 701,
   334.65),
    (205, '2012-10-08', '2012-10-12', 1006, 706,
   17794.64),
    (206, '2012-10-08', '2012-10-12', 1021, 704,
   4247.8),
    (207, '2012-10-08', '2012-10-10', 1015, 704,
   647.8),
    (208, '2012-10-09', '2012-10-11', 1019, 704,
   1828.75),
    (209, '2012-10-10', '2012-10-11', 1002, 703,
   289),
    (210, '2012-10-10', '2012-10-12', 1024, 701,
   12508.28),
    (211, '2012-10-10', '2012-10-13', 1014, 701,
   3079.75),
    (212, '2012-10-10', '2012-10-11', 1007, 704,
   150),
    (213, '2012-10-11', '2012-10-12', 1001, 707,
   492.96),
    (214, '2012-10-11', '2012-10-11', 1021, 703,
   1470.32),
    (215, '2012-10-11', '2012-10-11', 1002, 708,
   6297.58),
    (216, '2012-10-11', '2012-10-11', 1016, 707,
   0),
    (217, '2012-10-12', '2012-10-14', 1020, 703,
   9687),
    (218, '2012-10-12', '2012-10-15', 1014, 707,
   7183.4),
    (219, '2012-10-12', '2012-10-13', 1018, 706,
   3300.64),
    (220, '2012-10-12', '2012-10-14', 1014, 705,
   14137.66),
    (221, '2012-10-12', '2012-10-14', 1008, 705,
   2633.21),
    (222, '2012-10-12', '2012-10-16', 1007, 703,
   8749.95),
    (223, '2012-10-12', '2012-10-15', 1025, 708,
   17005),
    (224, '2012-10-12', '2012-10-15', 1011, 705,
   6775.06),
    (225, '2012-10-13', '2012-10-13', 1017, 704,
   5140.2),
    (226, '2012-10-13', '2012-10-15', 1023, 705,
   510),
    (227, '2012-10-14', '2012-10-17', 1006, 704,
   11126.18),
    (228, '2012-10-15', '2012-10-15', 1017, 701,
   45),
    (229, '2012-10-15', '2012-10-18', 1024, 707,
   3686),
    (230, '2012-10-15', '2012-10-19', 1008, 708,
   727.5),
    (231, '2012-10-15', '2012-10-17', 1016, 706,
   1544.78),
    (232, '2012-10-15', '2012-10-16', 1017, 703,
   1676.15),
    (233, '2012-10-16', '2012-10-18', 1014, 708,
   4001.58),
    (234, '2012-10-16', '2012-10-19', 1010, 702,
   402),
    (235, '2012-10-16', '2012-10-19', 1015, 705,
   657),
    (236, '2012-10-17', '2012-10-19', 1021, 704,
   1678.33),
    (237, '2012-10-17', '2012-10-19', 1027, 702,
   4732.33),
    (238, '2012-10-17', '2012-10-20', 1005, 705,
   4654.65),
    (239, '2012-10-17', '2012-10-18', 1012, 703,
   11239.65),
    (240, '2012-10-18', '2012-10-18', 1022, 701,
   1151.16),
    (241, '2012-10-18', '2012-10-18', 1008, 705,
   915.9),
    (242, '2012-10-18', '2012-10-20', 1010, 705,
   10778.95),
    (243, '2012-10-18', '2012-10-21', 1020, 708,
   6729),
    (244, '2012-10-18', '2012-10-21', 1014, 708,
   9603),
    (245, '2012-10-18', '2012-10-19', 1015, 704,
   1639.77),
    (246, '2012-10-19', '2012-10-22', 1004, 703,
   6480.14),
    (247, '2012-10-19', '2012-10-22', 1005, 702,
   3010.9),
    (248, '2012-10-19', '2012-10-20', 1021, 705,
   5978),
    (249, '2012-10-19', '2012-10-22', 1016, 703,
   7313.3),
    (250, '2012-10-19', '2012-10-21', 1023, 707,
   1867.8),
    (251, '2012-10-19', '2012-10-22', 1005, 705,
   10205.8),
    (252, '2012-10-19', '2012-10-20', 1010, 702,
   4853.95),
    (253, '2012-10-20', '2012-10-20', 1024, 706,
   7032),
    (254, '2012-10-21', '2012-10-25', 1002, 703,
   1493.75),
    (255, '2012-10-21', '2012-10-21', 1008, 707,
   28),
    (256, '2012-10-21', '2012-10-21', 1016, 705,
   18384.75),
    (257, '2012-10-21', '2012-10-21', 1007, 708,
   8275.45),
    (258, '2012-10-22', '2012-10-22', 1016, 705,
   12279.65),
    (259, '2012-10-22', '2012-10-22', 1009, 702,
   960.3),
    (260, '2012-10-22', '2012-10-22', 1006, 701,
   4716.15),
    (261, '2012-10-22', '2012-10-26', 1020, 708,
   1291.99),
    (262, '2012-10-22', '2012-10-24', 1020, 707,
   162.96),
    (263, '2012-10-22', '2012-10-25', 1011, 705,
   15781.1),
    (264, '2012-10-22', '2012-10-22', 1002, 702,
   266.75),
    (265, '2012-10-22', '2012-10-25', 1014, 702,
   8652.58),
    (266, '2012-10-22', '2012-10-26', 1021, 708,
   7814),
    (267, '2012-10-22', '2012-10-23', 1004, 706,
   4376),
    (268, '2012-10-23', '2012-10-24', 1021, 704,
   15715.64),
    (269, '2012-10-23', '2012-10-24', 1016, 706,
   4243.5),
    (270, '2012-10-23', '2012-10-26', 1007, 703,
   1406.98),
    (271, '2012-10-24', '2012-10-24', 1010, 702,
   3021),
    (272, '2012-10-24', '2012-10-26', 1005, 701,
   8306.3),
    (273, '2012-10-24', '2012-10-24', 1024, 704,
   5811.15),
    (274, '2012-10-24', '2012-10-26', 1004, 703,
   537),
    (275, '2012-10-24', '2012-10-28', 1009, 701,
   14.9),
    (276, '2012-10-24', '2012-10-24', 1018, 702,
   14804),
    (277, '2012-10-24', '2012-10-24', 1012, 701,
   333.8),
    (278, '2012-10-24', '2012-10-25', 1024, 707,
   2506.98),
    (279, '2012-10-25', '2012-10-29', 1017, 706,
   8635.25),
    (280, '2012-10-25', '2012-10-27', 1016, 702,
   6127.5),
    (281, '2012-10-25', '2012-10-27', 1006, 708,
   13621.75),
    (282, '2012-10-26', '2012-10-28', 1005, 702,
   3142.75),
    (283, '2012-10-26', '2012-10-27', 1015, 702,
   895.75),
    (284, '2012-10-26', '2012-10-30', 1016, 701,
   13837.68),
    (285, '2012-10-26', '2012-10-27', 1024, 705,
   1836),
    (286, '2012-10-26', '2012-10-27', 1019, 705,
   5956),
    (287, '2012-10-26', '2012-10-29', 1018, 708,
   197.9),
    (288, '2012-10-26', '2012-10-30', 1027, 704,
   383.15),
    (289, '2012-10-27', '2012-10-31', 1002, 708,
   1123.8),
    (290, '2012-10-28', '2012-10-28', 1018, 706,
   2625),
    (291, '2012-10-28', '2012-12-01', 1025, 705,
   5341.8),
    (292, '2012-10-28', '2012-10-28', 1013, 708,
   2858.5),
    (293, '2012-10-28', '2012-10-29', 1025, 706,
   4787.45),
    (294, '2012-10-29', '2012-10-30', 1017, 706,
   5338.79),
    (295, '2012-10-29', '2012-10-29', 1012, 701,
   6983.88),
    (296, '2012-10-29', '2012-10-29', 1014, 707,
   2454),
    (297, '2012-10-29', '2012-11-01', 1008, 701,
   1876.25),
    (298, '2012-10-29', '2012-11-01', 1005, 701,
   7484),
    (299, '2012-10-30', '2012-11-03', 1021, 704,
   402.95),
    (300, '2012-10-30', '2012-10-30', 1011, 706,
   15969.5),
    (301, '2012-10-30', '2012-11-03', 1025, 704,
   3798.75),
    (302, '2012-10-30', '2012-11-01', 1007, 702,
   5880.15),
    (303, '2012-10-31', '2012-11-03', 1011, 705,
   2105.68),
    (304, '2012-10-31', '2012-11-04', 1015, 701,
   923.8),
    (305, '2012-10-31', '2012-11-04', 1013, 708,
   0),
    (306, '2012-10-31', '2012-11-02', 1026, 701,
   4940.58),
    (307, '2012-10-31', '2012-11-01', 1013, 704,
   5785),
    (308, '2012-10-31', '2012-11-01', 1002, 701,
   5441.88),
    (309, '2012-10-31', '2012-11-03', 1020, 707,
   1295.9),
    (310, '2012-10-31', '2012-11-02', 1025, 703,
   13709.9),
    (311, '2012-11-01', '2012-11-03', 1003, 708,
   1072.7),
    (312, '2012-11-01', '2012-11-01', 1003, 707,
   1019.54),
    (313, '2012-11-01', '2012-11-01', 1024, 701,
   6112.04),
    (314, '2012-11-01', '2012-11-03', 1007, 706,
   432.75),
    (315, '2012-11-01', '2012-11-05', 1024, 702,
   8799.15),
    (316, '2012-11-01', '2012-11-05', 1018, 705,
   966.12),
    (317, '2012-11-01', '2012-11-01', 1012, 703,
   4141.12),
    (318, '2012-11-01', '2012-11-02', 1024, 703,
   3695.7),
    (319, '2012-11-02', '2012-11-03', 1005, 701,
   3064),
    (320, '2012-11-02', '2012-11-06', 1001, 707,
   220),
    (321, '2012-11-02', '2012-11-04', 1011, 701,
   6824.15),
    (322, '2012-11-02', '2012-11-03', 1001, 701,
   660),
    (323, '2012-11-02', '2012-11-04', 1011, 706,
   5577.25),
    (324, '2012-11-02', '2012-11-03', 1016, 704,
   50),
    (325, '2012-11-02', '2012-11-03', 1002, 706,
   6780.39),
    (326, '2012-11-02', '2012-11-06', 1024, 704,
   242.5),
    (327, '2012-11-02', '2012-11-02', 1012, 703,
   2942.05),
    (328, '2012-11-02', '2012-11-05', 1009, 702,
   960.3),
    (329, '2012-11-03', '2012-11-05', 1004, 708,
   11384.54),
    (330, '2012-11-03', '2012-11-06', 1021, 708,
   949.55),
    (331, '2012-11-03', '2012-11-05', 1018, 702,
   12105.31),
    (332, '2012-11-04', '2012-11-04', 1006, 704,
   4831),
    (333, '2012-11-04', '2012-11-06', 1003, 708,
   1854.66),
    (334, '2012-11-04', '2012-11-08', 1009, 707,
   4173.33),
    (335, '2012-11-04', '2012-11-05', 1020, 703,
   13055.5),
    (336, '2012-11-05', '2012-11-06', 1020, 703,
   15047.75),
    (337, '2012-11-05', '2012-11-06', 1011, 706,
   3142.85),
    (338, '2012-11-05', '2012-11-05', 1009, 708,
   8173.25),
    (339, '2012-11-05', '2012-11-09', 1005, 705,
   14842.5),
    (340, '2012-11-05', '2012-11-09', 1026, 707,
   4020.55),
    (341, '2012-11-06', '2012-11-07', 1022, 704,
   81),
    (342, '2012-11-07', '2012-11-09', 1013, 702,
   4589.5),
    (343, '2012-11-07', '2012-11-10', 1025, 708,
   8323.5),
    (344, '2012-11-07', '2012-11-11', 1005, 702,
   7060.28),
    (345, '2012-11-07', '2012-11-10', 1008, 701,
   5809),
    (346, '2012-11-07', '2012-11-11', 1001, 702,
   1253.7),
    (347, '2012-11-08', '2012-11-08', 1020, 705,
   7254),
    (348, '2012-11-08', '2012-11-10', 1015, 703,
   1724.07),
    (349, '2012-11-08', '2012-11-09', 1001, 703,
   725.8),
    (350, '2012-11-08', '2012-11-10', 1019, 703,
   3079.75),
    (351, '2012-11-09', '2012-11-13', 1012, 704,
   8363.06),
    (352, '2012-11-09', '2012-11-10', 1020, 706,
   523.05),
    (353, '2012-11-09', '2012-11-13', 1026, 704,
   16167.68),
    (354, '2012-11-10', '2012-11-11', 1021, 706,
   5003.45),
    (355, '2012-11-10', '2012-11-11', 1014, 702,
   7710),
    (356, '2012-11-10', '2012-11-14', 1018, 702,
   2189),
    (357, '2012-11-10', '2012-11-12', 1003, 705,
   1350.85),
    (358, '2012-11-10', '2012-11-14', 1012, 701,
   11468.8),
    (359, '2012-11-11', '2012-11-12', 1024, 707,
   17772.3),
    (360, '2012-11-11', '2012-11-13', 1013, 707,
   17692.85),
    (361, '2012-11-11', '2012-11-12', 1016, 706,
   0),
    (362, '2012-11-11', '2012-11-12', 1012, 701,
   16241.6),
    (363, '2012-11-11', '2012-11-12', 1010, 706,
   11173.5),
    (364, '2012-11-11', '2012-11-14', 1010, 705,
   571),
    (365, '2012-11-11', '2012-11-12', 1011, 705,
   267.3),
    (366, '2012-11-11', '2012-11-12', 1004, 708,
   9126.31),
    (367, '2012-11-11', '2012-11-11', 1011, 703,
   13222.6),
    (368, '2012-11-12', '2012-11-13', 1017, 708,
   5277.24),
    (369, '2012-11-12', '2012-11-13', 1003, 707,
   108),
    (370, '2012-11-12', '2012-11-12', 1025, 708,
   2951.65),
    (371, '2012-11-12', '2012-12-15', 1009, 701,
   816.74),
    (372, '2012-11-12', '2012-11-14', 1025, 707,
   9125.21),
    (373, '2012-11-12', '2012-11-15', 1014, 701,
   9835.5),
    (374, '2012-11-12', '2012-11-12', 1005, 701,
   6428.24),
    (375, '2012-11-13', '2012-11-15', 1004, 704,
   4392.9),
    (376, '2012-11-13', '2012-11-13', 1015, 704,
   1715.49),
    (377, '2012-11-13', '2012-11-17', 1019, 705,
   2227.8),
    (378, '2012-11-13', '2012-11-14', 1014, 707,
   8562.73),
    (379, '2012-11-13', '2012-11-17', 1025, 706,
   11509.5),
    (380, '2012-11-13', '2012-11-16', 1023, 704,
   207),
    (381, '2012-11-14', '2012-11-16', 1012, 701,
   5449.24),
    (382, '2012-11-15', '2012-11-15', 1017, 705,
   559.8),
    (383, '2012-11-16', '2012-11-19', 1017, 702,
   12039.75),
    (384, '2012-11-16', '2012-11-16', 1021, 708,
   3248.75),
    (385, '2012-11-17', '2012-11-20', 1019, 701,
   13850.94),
    (386, '2012-11-17', '2012-11-17', 1021, 705,
   8210.88),
    (387, '2012-11-17', '2012-12-21', 1010, 708,
   16587.5),
    (388, '2012-11-17', '2012-11-21', 1008, 705,
   4654.98),
    (389, '2012-11-17', '2012-11-20', 1005, 706,
   1447.3),
    (390, '2012-11-17', '2012-11-20', 1016, 708,
   13641.5),
    (391, '2012-11-17', '2012-11-17', 1024, 702,
   5478.55),
    (392, '2012-11-17', '2012-11-21', 1006, 708,
   9156.33),
    (393, '2012-11-18', '2012-11-20', 1011, 704,
   3687),
    (394, '2012-11-18', '2012-11-21', 1001, 702,
   130.97),
    (395, '2012-11-19', '2012-11-23', 1014, 703,
   3079.75),
    (396, '2012-11-19', '2012-11-20', 1019, 706,
   495.78),
    (397, '2012-11-19', '2012-11-19', 1020, 701,
   500),
    (398, '2012-11-20', '2012-11-22', 1004, 708,
   14283),
    (399, '2012-11-20', '2012-11-23', 1007, 704,
   18260.95),
    (400, '2012-11-20', '2012-11-24', 1026, 705,
   7251.75),
    (401, '2012-11-20', '2012-11-21', 1003, 702,
   1014.9),
    (402, '2012-11-20', '2012-11-22', 1017, 704,
   2779),
    (403, '2012-11-20', '2012-11-20', 1006, 702,
   19676.05),
    (404, '2012-11-20', '2012-11-21', 1019, 708,
   8730),
    (405, '2012-11-20', '2012-11-23', 1023, 702,
   6988.65),
    (406, '2012-11-21', '2012-11-25', 1012, 706,
   7209.6),
    (407, '2012-11-22', '2012-11-25', 1001, 701,
   188.68),
    (408, '2012-11-23', '2012-11-27', 1001, 703,
   261.9),
    (409, '2012-11-23', '2012-11-24', 1024, 704,
   5956),
    (410, '2012-11-23', '2012-11-24', 1008, 702,
   2698),
    (411, '2012-11-24', '2012-11-25', 1002, 708,
   6984),
    (412, '2012-11-24', '2012-11-27', 1026, 708,
   1178.58),
    (413, '2012-11-24', '2012-11-25', 1001, 708,
   402),
    (414, '2012-11-24', '2012-11-28', 1020, 703,
   16345.65),
    (415, '2012-11-24', '2012-11-27', 1013, 705,
   4851.3),
    (416, '2012-11-24', '2012-11-25', 1024, 705,
   4618.33),
    (417, '2012-11-24', '2012-11-27', 1017, 703,
   166),
    (418, '2012-11-24', '2012-11-24', 1012, 705,
   2443.08),
    (419, '2012-11-25', '2012-11-25', 1006, 708,
   8002.5),
    (420, '2012-11-25', '2012-11-25', 1024, 704,
   3505.5),
    (421, '2012-11-25', '2012-11-28', 1022, 704,
   441.75),
    (422, '2012-11-25', '2012-11-26', 1027, 707,
   5901),
    (423, '2012-11-25', '2012-11-29', 1010, 708,
   2010.02),
    (424, '2012-11-25', '2012-11-27', 1025, 706,
   39),
    (425, '2012-11-26', '2012-11-30', 1001, 707,
   286),
    (426, '2012-11-26', '2012-11-29', 1001, 707,
   1294),
    (427, '2012-11-26', '2012-11-29', 1020, 702,
   767.8),
    (428, '2012-11-26', '2012-11-27', 1024, 703,
   2340.35),
    (429, '2012-11-26', '2012-11-29', 1016, 701,
   567),
    (430, '2012-11-26', '2012-11-30', 1009, 707,
   102),
    (431, '2012-11-27', '2012-11-30', 1016, 705,
   2344.25),
    (432, '2012-11-27', '2012-11-30', 1022, 702,
   1204.12),
    (433, '2012-11-27', '2012-11-27', 1017, 708,
   10291.25),
    (434, '2012-11-27', '2012-11-29', 1012, 703,
   9343.79),
    (435, '2012-11-27', '2012-11-29', 1016, 706,
   47),
    (436, '2012-11-27', '2012-11-30', 1014, 703,
   180.2),
    (437, '2012-11-27', '2012-11-29', 1002, 705,
   5832.95),
    (438, '2012-11-27', '2012-12-01', 1020, 708,
   1026.4),
    (439, '2012-11-28', '2012-12-02', 1025, 703,
   6457),
    (440, '2012-11-28', '2012-11-29', 1027, 708,
   1695),
    (441, '2012-11-28', '2012-11-28', 1010, 701,
   19325.05),
    (442, '2012-11-28', '2012-12-01', 1002, 705,
   662),
    (443, '2012-11-29', '2012-12-02', 1001, 704,
   2123.95),
    (444, '2012-11-29', '2012-11-30', 1002, 706,
   2135.47),
    (445, '2012-11-29', '2012-11-30', 1007, 705,
   12313),
    (446, '2012-11-29', '2012-12-03', 1010, 708,
   87.98),
    (447, '2012-11-29', '2012-11-30', 1018, 702,
   6020.94),
    (448, '2012-11-29', '2012-12-01', 1001, 701,
   301.9),
    (449, '2012-11-29', '2012-11-29', 1025, 707,
   16673.05),
    (450, '2012-11-30', '2012-12-04', 1004, 705,
   4232.75),
    (451, '2012-11-30', '2012-12-02', 1003, 706,
   220),
    (452, '2012-11-30', '2012-12-02', 1001, 702,
   1018.5),
    (453, '2012-11-30', '2012-12-04', 1027, 708,
   1854.5),
    (454, '2012-11-30', '2012-12-02', 1010, 703,
   1248.96),
    (455, '2012-11-30', '2012-12-01', 1005, 702,
   1705.78),
    (456, '2012-12-01', '2012-12-02', 1015, 705,
   375),
    (457, '2012-12-01', '2012-12-05', 1019, 701,
   2811),
    (458, '2012-12-02', '2012-12-02', 1003, 702,
   654.95),
    (459, '2012-12-02', '2012-12-03', 1007, 707,
   1682.62),
    (460, '2012-12-03', '2012-12-05', 1013, 704,
   1905),
    (461, '2012-12-03', '2012-12-07', 1021, 703,
   2852.86),
    (462, '2012-12-03', '2012-12-03', 1004, 705,
   254.25),
    (463, '2012-12-04', '2012-12-07', 1015, 705,
   477.24),
    (464, '2012-12-04', '2012-12-07', 1020, 705,
   5346),
    (465, '2012-12-04', '2012-12-04', 1012, 706,
   10361.04),
    (466, '2012-12-05', '2012-12-06', 1026, 704,
   6257.99),
    (467, '2012-12-05', '2012-12-05', 1013, 706,
   9826),
    (468, '2012-12-05', '2012-12-06', 1010, 708,
   6546.06),
    (469, '2012-12-05', '2012-12-05', 1011, 708,
   8792.99),
    (470, '2012-12-05', '2012-12-08', 1014, 703,
   709.32),
    (471, '2012-12-05', '2012-12-07', 1025, 701,
   130.95),
    (472, '2012-12-05', '2012-12-09', 1023, 707,
   7648),
    (473, '2012-12-05', '2012-12-08', 1016, 702,
   1832.18),
    (474, '2012-12-05', '2012-12-08', 1006, 703,
   842.12),
    (475, '2012-12-06', '2012-12-10', 1001, 702,
   1109.45),
    (476, '2012-12-06', '2012-12-10', 1014, 705,
   1201),
    (477, '2012-12-06', '2012-12-06', 1009, 708,
   6594.19),
    (478, '2012-12-06', '2012-12-10', 1004, 707,
   1352.5),
    (479, '2012-12-06', '2012-12-09', 1024, 705,
   7708),
    (480, '2012-12-06', '2012-12-06', 1011, 703,
   4265),
    (481, '2012-12-07', '2012-12-10', 1009, 702,
   637.96),
    (482, '2012-12-07', '2012-12-07', 1011, 705,
   207),
    (483, '2012-12-07', '2012-12-08', 1005, 704,
   4814.7),
    (484, '2012-12-08', '2012-12-09', 1021, 707,
   0),
    (485, '2012-12-08', '2012-12-10', 1003, 707,
   2107.74),
    (486, '2012-12-08', '2012-12-09', 1022, 705,
   956),
    (487, '2012-12-08', '2012-12-10', 1009, 704,
   3241),
    (488, '2012-12-08', '2012-12-10', 1025, 703,
   171),
    (489, '2012-12-08', '2012-12-08', 1005, 701,
   710.3),
    (490, '2012-12-08', '2012-12-10', 1009, 702,
   2781.9),
    (491, '2012-12-08', '2012-12-09', 1007, 708,
   5643.35),
    (492, '2012-12-09', '2012-12-11', 1008, 702,
   3035.62),
    (493, '2012-12-09', '2012-12-13', 1005, 708,
   3861.9),
    (494, '2012-12-09', '2012-12-13', 1012, 701,
   108),
    (495, '2012-12-09', '2012-12-10', 1012, 702,
   6843.49),
    (496, '2012-12-10', '2012-12-10', 1014, 701,
   1949.85),
    (497, '2012-12-10', '2012-12-11', 1002, 701,
   1882.55),
    (498, '2012-12-10', '2012-12-12', 1018, 708,
   7862.98),
    (499, '2012-12-10', '2012-12-14', 1016, 704,
   16909.14),
    (500, '2012-12-10', '2012-12-10', 1007, 705,
   3037),
    (501, '2012-12-11', '2012-12-14', 1001, 702,
   548.95),
    (502, '2012-12-11', '2012-12-14', 1025, 707,
   10964.75),
    (503, '2012-12-11', '2012-12-13', 1026, 706,
   3638.05),
    (504, '2012-12-11', '2012-12-14', 1004, 707,
   189),
    (505, '2012-12-11', '2012-12-15', 1006, 707,
   7268.98),
    (506, '2012-12-11', '2012-12-13', 1016, 704,
   6195),
    (507, '2012-12-11', '2012-12-11', 1017, 705,
   1252.71),
    (508, '2012-12-11', '2012-12-14', 1012, 704,
   16688.85),
    (509, '2012-12-12', '2012-12-13', 1010, 701,
   6058.15),
    (510, '2012-12-12', '2012-12-13', 1015, 703,
   973.9),
    (511, '2012-12-12', '2012-12-12', 1026, 706,
   9576.65),
    (512, '2012-12-12', '2012-12-14', 1027, 708,
   291),
    (513, '2012-12-12', '2012-12-15', 1012, 707,
   9682.48),
    (514, '2012-12-12', '2012-12-14', 1025, 705,
   8441.25),
    (515, '2012-12-12', '2012-12-15', 1003, 705,
   1191),
    (516, '2012-12-12', '2012-12-16', 1021, 703,
   3845.58),
    (517, '2012-12-13', '2012-12-15', 1007, 706,
   1210.41),
    (518, '2012-12-13', '2012-12-14', 1007, 704,
   194.05),
    (519, '2012-12-13', '2012-12-15', 1018, 701,
   424.33),
    (520, '2012-12-13', '2012-12-17', 1027, 704,
   2949.88),
    (521, '2012-12-13', '2012-12-17', 1009, 708,
   2466),
    (522, '2012-12-13', '2012-12-17', 1009, 708,
   4.99),
    (523, '2012-12-14', '2012-12-16', 1003, 704,
   0),
    (524, '2012-12-15', '2012-12-19', 1002, 701,
   136),
    (525, '2012-12-15', '2012-12-18', 1019, 705,
   560.04),
    (526, '2012-12-15', '2012-12-18', 1011, 705,
   228.05),
    (527, '2012-12-15', '2012-12-19', 1009, 707,
   49),
    (528, '2012-12-16', '2012-12-17', 1026, 701,
   5646),
    (529, '2012-12-16', '2012-12-18', 1013, 703,
   7951.3),
    (530, '2012-12-16', '2012-12-18', 1009, 701,
   14227.36),
    (531, '2012-12-16', '2012-12-16', 1012, 707,
   5428.3),
    (532, '2012-12-17', '2012-12-18', 1027, 706,
   7190.05),
    (533, '2012-12-17', '2012-12-20', 1017, 702,
   15235.23),
    (534, '2012-12-17', '2012-12-17', 1017, 706,
   570.9),
    (535, '2012-12-17', '2012-12-18', 1020, 703,
   6234.63),
    (536, '2012-12-17', '2012-12-20', 1020, 702,
   1719.87),
    (537, '2012-12-17', '2012-12-20', 1003, 703,
   1004.05),
    (538, '2012-12-18', '2012-12-19', 1008, 703,
   9710.88),
    (539, '2012-12-19', '2012-12-23', 1008, 701,
   9069.75),
    (540, '2012-12-19', '2012-12-23', 1007, 707,
   7422.5),
    (541, '2012-12-20', '2012-12-22', 1006, 701,
   17369.98),
    (542, '2012-12-21', '2012-12-24', 1008, 704,
   3897.9),
    (543, '2012-12-21', '2012-12-24', 1005, 707,
   334.65),
    (544, '2012-12-21', '2012-12-21', 1009, 704,
   7996.25),
    (545, '2012-12-21', '2012-12-25', 1010, 707,
   10489.65),
    (546, '2012-12-21', '2012-12-21', 1013, 702,
   407.25),
    (547, '2012-12-21', '2012-12-21', 1011, 708,
   2271.25),
    (548, '2012-12-21', '2012-12-23', 1004, 707,
   6109.4),
    (549, '2012-12-21', '2012-12-21', 1024, 703,
   140.65),
    (550, '2012-12-22', '2012-12-24', 1003, 706,
   797),
    (551, '2012-12-23', '2012-12-27', 1010, 705,
   1696.03),
    (552, '2012-12-23', '2012-12-26', 1023, 705,
   17551.2),
    (553, '2012-12-23', '2012-12-27', 1002, 705,
   6317),
    (554, '2012-12-23', '2012-12-24', 1002, 701,
   6872.2),
    (555, '2012-12-23', '2012-12-26', 1003, 703,
   1658.25),
    (556, '2012-12-23', '2012-12-27', 1019, 701,
   6504.03),
    (557, '2012-12-23', '2012-12-23', 1026, 702,
   8430.09),
    (558, '2012-12-24', '2012-12-25', 1009, 708,
   10842.85),
    (559, '2012-12-24', '2012-12-26', 1011, 706,
   5559.78),
    (560, '2012-12-24', '2012-12-28', 1016, 707,
   6769.96),
    (561, '2012-12-24', '2012-12-27', 1025, 704,
   3600),
    (562, '2012-12-24', '2012-12-27', 1006, 705,
   147),
    (563, '2012-12-24', '2012-12-25', 1020, 704,
   4783.5),
    (564, '2012-12-24', '2012-12-26', 1001, 706,
   214),
    (565, '2012-12-25', '2012-12-27', 1014, 705,
   2429),
    (566, '2012-12-25', '2012-12-26', 1007, 706,
   985.21),
    (567, '2012-12-25', '2012-12-27', 1001, 703,
   882.5),
    (568, '2012-12-25', '2012-12-26', 1024, 704,
   197.88),
    (569, '2012-12-25', '2012-12-27', 1004, 707,
   6354.5),
    (570, '2012-12-25', '2012-12-29', 1022, 707,
   742.19),
    (571, '2012-12-26', '2013-01-29', 1019, 704,
   2423.8),
    (572, '2012-12-26', '2012-12-26', 1003, 703,
   1397.36),
    (573, '2012-12-26', '2012-12-28', 1019, 701,
   10102.95),
    (574, '2012-12-26', '2012-12-26', 1003, 704,
   160.05),
    (575, '2012-12-26', '2012-12-30', 1027, 707,
   12368.54),
    (576, '2012-12-27', '2012-12-27', 1005, 705,
   56),
    (577, '2012-12-27', '2012-12-27', 1014, 706,
   678.25),
    (578, '2012-12-27', '2012-12-28', 1026, 708,
   1861.62),
    (579, '2012-12-27', '2012-12-31', 1012, 707,
   15391),
    (580, '2012-12-27', '2012-12-27', 1011, 705,
   1112.5),
    (581, '2012-12-28', '2012-12-28', 1003, 704,
   1268.98),
    (582, '2012-12-28', '2012-12-31', 1004, 703,
   3727.95),
    (583, '2012-12-28', '2012-12-28', 1003, 702,
   1345.22),
    (584, '2012-12-29', '2012-12-31', 1004, 707,
   5508.48),
    (585, '2012-12-29', '2012-12-29', 1009, 704,
   1865.04),
    (586, '2012-12-29', '2012-12-30', 1023, 707,
   1270),
    (587, '2012-12-29', '2013-01-02', 1001, 701,
   264),
    (588, '2012-12-29', '2012-12-29', 1003, 701,
   1271.13),
    (589, '2012-12-29', '2012-12-29', 1013, 708,
   1169.82),
    (590, '2012-12-29', '2013-01-02', 1018, 708,
   16509.1),
    (591, '2012-12-30', '2013-01-02', 1023, 702,
   2991.5),
    (592, '2012-12-30', '2013-01-01', 1005, 707,
   14408.5),
    (593, '2012-12-30', '2013-01-02', 1026, 701,
   270),
    (594, '2012-12-30', '2012-12-30', 1017, 706,
   6142.35),
    (595, '2012-12-31', '2013-01-03', 1015, 703,
   273.54),
    (596, '2012-12-31', '2013-01-04', 1001, 702,
   1793.45),
    (597, '2012-12-31', '2012-12-31', 1006, 707,
   18502.66),
    (598, '2012-12-31', '2013-01-01', 1013, 701,
   7688.4),
    (599, '2013-01-01', '2013-01-01', 1011, 703,
   5367),
    (600, '2013-01-01', '2013-01-05', 1006, 704,
   7952.14),
    (601, '2013-01-01', '2013-01-02', 1011, 706,
   136.8),
    (602, '2013-01-01', '2013-01-05', 1025, 708,
   8002.5),
    (603, '2013-01-01', '2013-01-03', 1015, 707,
   1168.83),
    (604, '2013-01-01', '2013-01-02', 1006, 702,
   7287.9),
    (605, '2013-01-01', '2013-01-02', 1020, 701,
   7739.15),
    (606, '2013-01-02', '2013-01-03', 1007, 702,
   7855.5),
    (607, '2013-01-02', '2013-01-05', 1012, 704,
   7062),
    (608, '2013-01-02', '2013-01-06', 1001, 706,
   633.05),
    (609, '2013-01-02', '2013-01-06', 1017, 705,
   5036.65),
    (610, '2013-01-02', '2013-01-02', 1020, 704,
   14975.45),
    (611, '2013-01-02', '2013-01-04', 1005, 706,
   6176.98),
    (612, '2013-01-02', '2013-01-03', 1005, 705,
   6286.14),
    (613, '2013-01-03', '2013-01-05', 1015, 706,
   110),
    (614, '2013-01-04', '2013-01-05', 1004, 704,
   2774.1),
    (615, '2013-01-05', '2013-01-06', 1027, 707,
   9788),
    (616, '2013-01-05', '2013-01-06', 1022, 705,
   856),
    (617, '2013-01-05', '2013-01-05', 1012, 702,
   11589),
    (618, '2013-01-05', '2013-01-09', 1026, 707,
   12288.75),
    (619, '2013-01-05', '2013-01-06', 1008, 707,
   225),
    (620, '2013-01-05', '2013-01-07', 1023, 702,
   8927.12),
    (621, '2013-01-05', '2013-01-08', 1007, 707,
   135),
    (622, '2013-01-06', '2013-01-06', 1002, 707,
   6984.24),
    (623, '2013-01-06', '2013-01-08', 1007, 708,
   259.5),
    (624, '2013-01-06', '2013-01-09', 1014, 701,
   538),
    (625, '2013-01-06', '2013-01-08', 1006, 708,
   7205.33),
    (626, '2013-01-06', '2013-01-10', 1023, 702,
   6612),
    (627, '2013-01-06', '2013-01-08', 1027, 705,
   1308),
    (628, '2013-01-06', '2013-01-07', 1026, 704,
   1047.6),
    (629, '2013-01-07', '2013-01-11', 1014, 704,
   0),
    (630, '2013-01-07', '2013-01-09', 1026, 702,
   13851.14),
    (631, '2013-01-07', '2013-01-07', 1012, 707,
   5863.83),
    (632, '2013-01-07', '2013-01-11', 1001, 706,
   0),
    (633, '2013-01-07', '2013-01-09', 1021, 705,
   4989.15),
    (634, '2013-01-07', '2013-01-11', 1002, 703,
   3591.33),
    (635, '2013-01-07', '2013-01-10', 1002, 703,
   1970),
    (636, '2013-01-07', '2013-01-10', 1002, 703,
   10146.71),
    (637, '2013-01-07', '2013-01-10', 1008, 702,
   17024.25),
    (638, '2013-01-07', '2013-01-09', 1003, 705,
   340.65),
    (639, '2013-01-08', '2013-01-10', 1019, 705,
   8523.6),
    (640, '2013-01-08', '2013-01-11', 1008, 706,
   1529.95),
    (641, '2013-01-08', '2013-01-11', 1012, 701,
   10991),
    (642, '2013-01-08', '2013-01-10', 1012, 708,
   2990),
    (643, '2013-01-08', '2013-01-11', 1011, 701,
   5588.31),
    (644, '2013-01-08', '2013-01-09', 1021, 706,
   431.88),
    (645, '2013-01-08', '2013-01-12', 1024, 703,
   339.6),
    (646, '2013-01-08', '2013-01-09', 1017, 705,
   664),
    (647, '2013-01-09', '2013-01-13', 1014, 703,
   161.5),
    (648, '2013-01-09', '2013-01-10', 1015, 701,
   132),
    (649, '2013-01-09', '2013-01-13', 1001, 707,
   686.76),
    (650, '2013-01-09', '2013-01-09', 1005, 706,
   6662.1),
    (651, '2013-01-09', '2013-01-12', 1025, 704,
   3601.5),
    (652, '2013-01-10', '2013-01-10', 1024, 701,
   2020.6),
    (653, '2013-01-10', '2013-01-13', 1015, 701,
   373.45),
    (654, '2013-01-10', '2013-01-14', 1024, 704,
   10560.78),
    (655, '2013-01-10', '2013-01-14', 1007, 701,
   7215.5),
    (656, '2013-01-10', '2013-01-10', 1024, 707,
   609.65),
    (657, '2013-01-10', '2013-01-13', 1001, 706,
   773),
    (658, '2013-01-10', '2013-01-10', 1010, 701,
   5801),
    (659, '2013-01-10', '2013-01-12', 1023, 705,
   2851.05),
    (660, '2013-01-11', '2013-01-14', 1027, 702,
   2937.55),
    (661, '2013-01-11', '2013-01-15', 1011, 706,
   5453.2),
    (662, '2013-01-11', '2013-01-13', 1006, 706,
   6383.4),
    (663, '2013-01-11', '2013-01-14', 1025, 707,
   5242),
    (664, '2013-01-11', '2013-01-11', 1015, 707,
   276),
    (665, '2013-01-11', '2013-01-11', 1020, 704,
   8042),
    (666, '2013-01-11', '2013-01-13', 1012, 707,
   5564),
    (667, '2013-01-11', '2013-01-14', 1009, 708,
   1360.63),
    (668, '2013-01-11', '2013-01-14', 1018, 708,
   7313.4),
    (669, '2013-01-11', '2013-01-14', 1017, 708,
   7919),
    (670, '2013-01-12', '2013-01-16', 1021, 701,
   1593.25),
    (671, '2013-01-12', '2013-01-12', 1008, 707,
   14898.15),
    (672, '2013-01-12', '2013-01-15', 1005, 707,
   6834.98),
    (673, '2013-01-12', '2013-01-12', 1026, 708,
   3508.49),
    (674, '2013-01-12', '2013-01-12', 1016, 705,
   2618.25),
    (675, '2013-01-12', '2013-01-13', 1016, 702,
   6602.25),
    (676, '2013-01-12', '2013-01-15', 1002, 701,
   6253.9),
    (677, '2013-01-13', '2013-01-16', 1005, 708,
   5893.45),
    (678, '2013-01-13', '2013-01-16', 1013, 704,
   7207.75),
    (679, '2013-01-13', '2013-01-14', 1026, 707,
   15778.29),
    (680, '2013-01-13', '2013-01-16', 1013, 703,
   1716.8),
    (681, '2013-01-13', '2013-01-14', 1015, 702,
   1409.25),
    (682, '2013-01-13', '2013-01-15', 1018, 704,
   7312.5),
    (683, '2013-01-13', '2013-01-13', 1018, 702,
   375),
    (684, '2013-01-14', '2013-01-17', 1027, 708,
   13458.2),
    (685, '2013-01-14', '2013-01-15', 1005, 704,
   15372.8),
    (686, '2013-01-14', '2013-01-18', 1026, 701,
   7311),
    (687, '2013-01-14', '2013-01-16', 1021, 705,
   5490),
    (688, '2013-01-14', '2013-01-18', 1002, 702,
   6739.79),
    (689, '2013-01-14', '2013-01-15', 1015, 705,
   0),
    (690, '2013-01-14', '2013-01-14', 1016, 702,
   6582),
    (691, '2013-01-14', '2013-01-18', 1004, 707,
   14516.47),
    (692, '2013-01-15', '2013-01-18', 1019, 701,
   296.9),
    (693, '2013-01-15', '2013-01-18', 1002, 705,
   9937),
    (694, '2013-01-15', '2013-01-16', 1019, 708,
   2457.5),
    (695, '2013-01-15', '2013-01-17', 1010, 708,
   7122),
    (696, '2013-01-15', '2013-01-16', 1002, 708,
   15105.78),
    (697, '2013-01-15', '2013-01-15', 1005, 704,
   3687),
    (698, '2013-01-16', '2013-01-17', 1022, 705,
   1279.98),
    (699, '2013-01-17', '2013-01-18', 1013, 701,
   503.95),
    (700, '2013-01-17', '2013-01-17', 1013, 707,
   3658),
    (701, '2013-01-17', '2013-01-19', 1001, 707,
   917.85),
    (702, '2013-01-17', '2013-01-20', 1020, 704,
   6966.96),
    (703, '2013-01-17', '2013-01-19', 1007, 704,
   570),
    (704, '2013-01-17', '2013-01-21', 1024, 704,
   1466.75),
    (705, '2013-01-17', '2013-01-20', 1015, 706,
   650.1),
    (706, '2013-01-17', '2013-01-17', 1016, 703,
   2326.68),
    (707, '2013-01-17', '2013-01-18', 1002, 707,
   556),
    (708, '2013-01-18', '2013-01-21', 1009, 708,
   4828.7),
    (709, '2013-01-18', '2013-01-18', 1018, 702,
   1633.05),
    (710, '2013-01-19', '2013-01-21', 1007, 702,
   7317),
    (711, '2013-01-19', '2013-01-21', 1019, 704,
   6070.3),
    (712, '2013-01-19', '2013-01-22', 1024, 705,
   4244.9),
    (713, '2013-01-19', '2013-01-23', 1007, 701,
   808.98),
    (714, '2013-01-19', '2013-01-23', 1019, 707,
   12895.04),
    (715, '2013-01-19', '2013-01-23', 1020, 707,
   3330.33),
    (716, '2013-01-20', '2013-01-24', 1016, 701,
   846),
    (717, '2013-01-20', '2013-01-20', 1008, 701,
   4689.65),
    (718, '2013-01-20', '2013-01-21', 1010, 705,
   976.95),
    (719, '2013-01-20', '2013-01-23', 1027, 703,
   1833.24),
    (720, '2013-01-21', '2013-01-25', 1010, 707,
   836.22),
    (721, '2013-01-21', '2013-01-22', 1015, 705,
   1755.6),
    (722, '2013-01-21', '2013-01-22', 1006, 703,
   13914.65),
    (723, '2013-01-21', '2013-01-24', 1001, 707,
   1276.1),
    (724, '2013-01-22', '2013-01-22', 1017, 704,
   5397),
    (725, '2013-01-22', '2013-01-24', 1009, 702,
   6086.75),
    (726, '2013-01-22', '2013-01-26', 1015, 703,
   1123.97),
    (727, '2013-01-22', '2013-01-23', 1017, 706,
   8463.64),
    (728, '2013-01-22', '2013-01-24', 1008, 706,
   220),
    (729, '2013-01-22', '2013-01-24', 1021, 704,
   8022.75),
    (730, '2013-01-22', '2013-01-24', 1023, 706,
   5377.95),
    (731, '2013-01-22', '2013-01-26', 1014, 702,
   7145.5),
    (732, '2013-01-23', '2013-01-25', 1001, 707,
   933),
    (733, '2013-01-23', '2013-01-24', 1011, 706,
   1070.8),
    (734, '2013-01-24', '2013-01-26', 1016, 706,
   4800),
    (735, '2013-01-24', '2013-01-24', 1027, 708,
   3625.5),
    (736, '2013-01-24', '2013-01-28', 1003, 708,
   1274.55),
    (737, '2013-01-24', '2013-01-27', 1020, 708,
   261.9),
    (738, '2013-01-24', '2013-01-26', 1017, 704,
   12380.14),
    (739, '2013-01-24', '2013-01-25', 1022, 703,
   606.25),
    (740, '2013-01-25', '2013-01-26', 1011, 708,
   17533.9),
    (741, '2013-01-25', '2013-01-25', 1024, 707,
   8267.7),
    (742, '2013-01-25', '2013-01-28', 1013, 706,
   1591.82),
    (743, '2013-01-25', '2013-01-27', 1008, 708,
   12275.5),
    (744, '2013-01-25', '2013-01-28', 1027, 703,
   15390.5),
    (745, '2013-01-25', '2013-01-29', 1027, 706,
   11156.88),
    (746, '2013-01-25', '2013-01-29', 1013, 702,
   5496.92),
    (747, '2013-01-25', '2013-01-28', 1016, 703,
   8395.15),
    (748, '2013-01-25', '2013-01-28', 1021, 703,
   1663.62),
    (749, '2013-01-25', '2013-01-29', 1021, 702,
   200),
    (750, '2013-01-26', '2013-01-30', 1018, 708,
   3640.11),
    (751, '2013-01-26', '2013-01-30', 1025, 707,
   7610.25),
    (752, '2013-01-27', '2013-01-31', 1005, 702,
   8002.5),
    (753, '2013-01-27', '2013-01-29', 1013, 701,
   0),
    (754, '2013-01-27', '2013-01-31', 1014, 708,
   498),
    (755, '2013-01-28', '2013-01-31', 1010, 708,
   6820.1),
    (756, '2013-01-28', '2013-01-28', 1005, 706,
   1800),
    (757, '2013-01-28', '2013-01-30', 1014, 702,
   13619.8),
    (758, '2013-01-28', '2013-01-30', 1020, 708,
   168.78),
    (759, '2013-01-28', '2013-01-28', 1016, 703,
   467.14),
    (760, '2013-01-28', '2013-01-31', 1014, 707,
   11683.9),
    (761, '2013-01-29', '2013-01-30', 1016, 708,
   2989.63),
    (762, '2013-01-29', '2013-02-02', 1013, 705,
   19689.3),
    (763, '2013-01-29', '2013-02-01', 1009, 701,
   3765),
    (764, '2013-01-29', '2013-01-29', 1003, 702,
   403.35),
    (765, '2013-01-29', '2013-01-31', 1016, 703,
   5465.05),
    (766, '2013-01-29', '2013-01-30', 1026, 707,
   5985),
    (767, '2013-01-30', '2013-01-31', 1017, 706,
   6173.15),
    (768, '2013-01-30', '2013-02-03', 1003, 706,
   135),
    (769, '2013-01-30', '2013-02-01', 1020, 705,
   17759.66),
    (770, '2013-01-30', '2013-01-30', 1019, 702,
   144),
    (771, '2013-01-30', '2013-02-01', 1017, 707,
   7022),
    (772, '2013-01-30', '2013-01-31', 1024, 704,
   11468),
    (773, '2013-01-30', '2013-02-02', 1019, 705,
   401.58),
    (774, '2013-01-31', '2013-02-02', 1013, 704,
   2891),
    (775, '2013-01-31', '2013-01-31', 1010, 704,
   813.74),
    (776, '2013-01-31', '2013-01-31', 1006, 708,
   15371.5),
    (777, '2013-01-31', '2013-02-02', 1026, 708,
   2019),
    (778, '2013-01-31', '2013-01-31', 1025, 707,
   1314.18),
    (779, '2013-01-31', '2013-01-31', 1004, 705,
   1388.75),
    (780, '2013-01-31', '2013-01-31', 1003, 701,
   2008.69),
    (781, '2013-01-31', '2013-02-04', 1021, 704,
   4994.3),
    (782, '2013-01-31', '2013-02-03', 1016, 702,
   848.75),
    (783, '2013-01-31', '2013-02-04', 1013, 704,
   7058.67),
    (784, '2013-02-01', '2013-02-04', 1018, 707,
   6545.8),
    (785, '2013-02-01', '2013-02-05', 1027, 706,
   7660.8),
    (786, '2013-02-01', '2013-02-01', 1015, 704,
   1216),
    (787, '2013-02-01', '2013-02-03', 1009, 707,
   13876.7),
    (788, '2013-02-01', '2013-02-01', 1026, 704,
   4332),
    (789, '2013-02-01', '2013-02-05', 1021, 707,
   4951.98),
    (790, '2013-02-01', '2013-02-01', 1004, 707,
   6214.54),
    (791, '2013-02-01', '2013-02-02', 1017, 706,
   3934.5),
    (792, '2013-02-02', '2013-02-05', 1027, 707,
   5026.98),
    (793, '2013-02-02', '2013-02-03', 1026, 706,
   619.7),
    (794, '2013-02-02', '2013-02-04', 1016, 703,
   6845),
    (795, '2013-02-03', '2013-02-05', 1024, 707,
   1754.98),
    (796, '2013-02-03', '2013-03-08', 1007, 703,
   5695.5),
    (797, '2013-02-03', '2013-02-06', 1018, 705,
   10544.8),
    (798, '2013-02-03', '2013-02-04', 1003, 702,
   576.55),
    (799, '2013-02-04', '2013-02-05', 1010, 704,
   2970.12),
    (800, '2013-02-04', '2013-02-07', 1027, 707,
   3441.9),
    (801, '2013-02-04', '2013-02-08', 1002, 707,
   6486.12),
    (802, '2013-02-04', '2013-02-04', 1021, 707,
   67),
    (803, '2013-02-05', '2013-02-08', 1004, 704,
   1342.1),
    (804, '2013-02-05', '2013-02-05', 1014, 708,
   8316.1),
    (805, '2013-02-05', '2013-02-05', 1009, 702,
   7493.85),
    (806, '2013-02-05', '2013-02-07', 1019, 707,
   5759.6),
    (807, '2013-02-06', '2013-02-07', 1016, 705,
   8591.79),
    (808, '2013-02-06', '2013-02-07', 1004, 704,
   544),
    (809, '2013-02-07', '2013-02-11', 1004, 701,
   2762.15),
    (810, '2013-02-07', '2013-02-07', 1022, 705,
   409.97),
    (811, '2013-02-07', '2013-02-11', 1008, 707,
   1123.26),
    (812, '2013-02-07', '2013-02-07', 1005, 707,
   6260.4),
    (813, '2013-02-08', '2013-02-08', 1013, 705,
   14345.1),
    (814, '2013-02-08', '2013-02-08', 1013, 706,
   33),
    (815, '2013-02-08', '2013-02-12', 1007, 702,
   11197.55),
    (816, '2013-02-08', '2013-02-11', 1011, 701,
   0),
    (817, '2013-02-08', '2013-02-08', 1001, 705,
   1530.9),
    (818, '2013-02-08', '2013-02-10', 1023, 704,
   3483.9),
    (819, '2013-02-08', '2013-02-12', 1013, 707,
   9208.3),
    (820, '2013-02-08', '2013-02-09', 1019, 704,
   401.58),
    (821, '2013-02-08', '2013-02-12', 1023, 708,
   3688),
    (822, '2013-02-08', '2013-02-09', 1004, 701,
   2095.06),
    (823, '2013-02-09', '2013-02-10', 1003, 703,
   68),
    (824, '2013-02-09', '2013-02-10', 1006, 701,
   6217.7),
    (825, '2013-02-09', '2013-02-09', 1025, 708,
   1979.58),
    (826, '2013-02-09', '2013-02-09', 1005, 707,
   5973.81),
    (827, '2013-02-10', '2013-02-14', 1013, 706,
   1159.9),
    (828, '2013-02-10', '2013-02-10', 1014, 701,
   6333.35),
    (829, '2013-02-10', '2013-02-11', 1027, 701,
   3607.15),
    (830, '2013-02-11', '2013-02-13', 1020, 703,
   4516.65),
    (831, '2013-02-11', '2013-02-14', 1012, 705,
   5014),
    (832, '2013-02-11', '2013-02-15', 1012, 707,
   175),
    (833, '2013-02-11', '2013-02-15', 1007, 706,
   2801.4),
    (834, '2013-02-11', '2013-02-11', 1021, 704,
   1901.82),
    (835, '2013-02-11', '2013-02-13', 1012, 703,
   7398.19),
    (836, '2013-02-11', '2013-02-14', 1007, 708,
   4563.66),
    (837, '2013-02-11', '2013-02-13', 1012, 701,
   17096.25),
    (838, '2013-02-11', '2013-02-13', 1014, 706,
   13591),
    (839, '2013-02-12', '2013-02-12', 1012, 702,
   7438),
    (840, '2013-02-12', '2013-02-12', 1001, 701,
   995),
    (841, '2013-02-12', '2013-02-16', 1017, 707,
   11499.24),
    (842, '2013-02-12', '2013-02-14', 1013, 707,
   3127.5),
    (843, '2013-02-12', '2013-02-14', 1008, 705,
   2607),
    (844, '2013-02-12', '2013-02-14', 1014, 708,
   7274.75),
    (845, '2013-02-12', '2013-02-15', 1020, 701,
   716),
    (846, '2013-02-13', '2013-02-17', 1012, 704,
   1167.88),
    (847, '2013-02-13', '2013-02-15', 1027, 706,
   14221),
    (848, '2013-02-13', '2013-02-16', 1014, 706,
   2902),
    (849, '2013-02-13', '2013-02-15', 1026, 708,
   7123.68),
    (850, '2013-02-13', '2013-02-13', 1003, 701,
   846.75),
    (851, '2013-02-13', '2013-02-13', 1001, 702,
   1502.4),
    (852, '2013-02-13', '2013-02-16', 1002, 707,
   15152.85),
    (853, '2013-02-13', '2013-02-16', 1023, 708,
   13971.65),
    (854, '2013-02-13', '2013-02-16', 1004, 706,
   8730),
    (855, '2013-02-14', '2013-02-15', 1001, 704,
   117),
    (856, '2013-02-14', '2013-02-14', 1026, 703,
   3635.3),
    (857, '2013-02-14', '2013-02-14', 1017, 708,
   139),
    (858, '2013-02-15', '2013-02-19', 1023, 701,
   2346.5),
    (859, '2013-02-16', '2013-02-16', 1016, 703,
   2773.24),
    (860, '2013-02-16', '2013-02-19', 1003, 703,
   585.65),
    (861, '2013-02-16', '2013-02-16', 1026, 708,
   7129.64),
    (862, '2013-02-16', '2013-02-20', 1010, 702,
   10818),
    (863, '2013-02-16', '2013-02-17', 1025, 704,
   5820),
    (864, '2013-02-16', '2013-02-16', 1008, 707,
   9204.8),
    (865, '2013-02-16', '2013-02-20', 1024, 703,
   11540.5),
    (866, '2013-02-16', '2013-02-17', 1022, 706,
   674.15),
    (867, '2013-02-16', '2013-02-20', 1017, 708,
   3751.21),
    (868, '2013-02-16', '2013-02-18', 1021, 702,
   1231.9),
    (869, '2013-02-17', '2013-02-19', 1024, 708,
   2732),
    (870, '2013-02-17', '2013-02-20', 1005, 704,
   17137.93),
    (871, '2013-02-17', '2013-03-20', 1021, 708,
   6386.96),
    (872, '2013-02-17', '2013-02-21', 1017, 702,
   13953.96),
    (873, '2013-02-17', '2013-02-18', 1020, 702,
   7168.95),
    (874, '2013-02-18', '2013-02-21', 1005, 702,
   5255.78),
    (875, '2013-02-18', '2013-02-22', 1017, 702,
   551),
    (876, '2013-02-18', '2013-02-18', 1005, 708,
   911.5),
    (877, '2013-02-18', '2013-02-18', 1017, 708,
   138),
    (878, '2013-02-18', '2013-02-21', 1008, 706,
   6296.85),
    (879, '2013-02-18', '2013-03-20', 1013, 705,
   15745.14),
    (880, '2013-02-18', '2013-02-22', 1006, 704,
   4876),
    (881, '2013-02-18', '2013-02-20', 1016, 707,
   2784.31),
    (882, '2013-02-18', '2013-02-22', 1008, 707,
   4215.2),
    (883, '2013-02-19', '2013-02-22', 1011, 704,
   7646),
    (884, '2013-02-19', '2013-02-22', 1027, 704,
   2400),
    (885, '2013-02-20', '2013-02-23', 1009, 701,
   173),
    (886, '2013-02-20', '2013-02-21', 1027, 708,
   2487.02),
    (887, '2013-02-20', '2013-02-23', 1001, 705,
   1493.6),
    (888, '2013-02-20', '2013-02-23', 1007, 707,
   7724.78),
    (889, '2013-02-20', '2013-02-24', 1023, 702,
   136),
    (890, '2013-02-20', '2013-02-24', 1022, 705,
   332),
    (891, '2013-02-20', '2013-02-21', 1006, 706,
   9913.5),
    (892, '2013-02-21', '2013-02-22', 1010, 703,
   156),
    (893, '2013-02-21', '2013-02-25', 1022, 705,
   550.15),
    (894, '2013-02-21', '2013-02-23', 1024, 704,
   3932),
    (895, '2013-02-21', '2013-02-21', 1011, 705,
   16062.35),
    (896, '2013-02-21', '2013-02-24', 1025, 702,
   6634),
    (897, '2013-02-21', '2013-02-24', 1027, 701,
   1808.64),
    (898, '2013-02-21', '2013-02-24', 1001, 708,
   727.5),
    (899, '2013-02-21', '2013-02-25', 1009, 705,
   5071.7),
    (900, '2013-02-22', '2013-02-24', 1020, 701,
   6576.8),
    (901, '2013-02-22', '2013-02-24', 1013, 707,
   3177),
    (902, '2013-02-22', '2013-02-23', 1006, 702,
   7597.7),
    (903, '2013-02-22', '2013-02-23', 1021, 707,
   5224.46),
    (904, '2013-02-22', '2013-03-27', 1009, 708,
   7673),
    (905, '2013-02-22', '2013-02-24', 1024, 704,
   4369.56),
    (906, '2013-02-22', '2013-02-22', 1012, 707,
   3396),
    (907, '2013-02-23', '2013-02-23', 1014, 702,
   615.24),
    (908, '2013-02-23', '2013-02-24', 1025, 705,
   1459.95),
    (909, '2013-02-24', '2013-02-24', 1024, 705,
   7947.15),
    (910, '2013-02-24', '2013-02-27', 1019, 702,
   10665.9),
    (911, '2013-02-24', '2013-02-26', 1023, 702,
   705.75),
    (912, '2013-02-24', '2013-02-28', 1025, 706,
   7097),
    (913, '2013-02-24', '2013-02-25', 1025, 707,
   2540.65),
    (914, '2013-02-24', '2013-02-24', 1022, 707,
   55),
    (915, '2013-02-24', '2013-02-25', 1016, 705,
   28),
    (916, '2013-02-24', '2013-02-24', 1025, 705,
   1813.28),
    (917, '2013-02-24', '2013-02-26', 1013, 703,
   5808.05),
    (918, '2013-02-25', '2013-02-28', 1025, 703,
   660),
    (919, '2013-02-25', '2013-02-27', 1014, 707,
   7496.37),
    (920, '2013-02-26', '2013-03-01', 1008, 708,
   36.15),
    (921, '2013-02-26', '2013-02-26', 1018, 702,
   6582),
    (922, '2013-02-26', '2013-02-27', 1004, 706,
   6475.58),
    (923, '2013-02-26', '2013-03-01', 1009, 707,
   1229.3),
    (924, '2013-02-26', '2013-03-01', 1002, 704,
   3775),
    (925, '2013-02-26', '2013-02-26', 1025, 702,
   2907.63),
    (926, '2013-02-26', '2013-02-27', 1005, 701,
   8638.13),
    (927, '2013-02-27', '2013-02-28', 1007, 704,
   1452.61),
    (928, '2013-02-27', '2013-03-02', 1017, 706,
   1444.08),
    (929, '2013-02-27', '2013-02-27', 1020, 705,
   4700.25),
    (930, '2013-02-27', '2013-03-01', 1023, 701,
   15),
    (931, '2013-02-27', '2013-02-27', 1001, 707,
   225),
    (932, '2013-02-27', '2013-02-27', 1012, 704,
   1470),
    (933, '2013-02-27', '2013-02-27', 1026, 705,
   7032),
    (934, '2013-02-27', '2013-02-28', 1021, 705,
   915.04),
    (935, '2013-02-27', '2013-03-02', 1020, 702,
   5510),
    (936, '2013-02-28', '2013-03-01', 1025, 704,
   6190),
    (937, '2013-02-28', '2013-03-04', 1014, 706,
   7500.5),
    (938, '2013-02-28', '2013-02-28', 1011, 705,
   6463.54),
    (939, '2013-02-28', '2013-02-28', 1021, 701,
   1906.5),
    (940, '2013-02-28', '2013-03-04', 1007, 702,
   12273.89),
    (941, '2013-02-28', '2013-02-28', 1019, 702,
   7395.75),
    (942, '2013-02-28', '2013-03-01', 1002, 706,
   3878.5),
    (943, '2013-02-28', '2013-03-01', 1026, 707,
   2059.5),
    (944, '2013-02-28', '2013-03-03', 1020, 702,
   7768.9);

INSERT INTO order_details
    (order_number, product_number, quoted_price, quantity_ordered)
VALUES
    (1, 1, 1200, 2),
    (1, 6, 635, 3),
    (1, 11, 1650, 4),
    (1, 16, 28, 1),
    (1, 21, 55, 3),
    (1, 26, 121.25, 5),
    (1, 40, 174.6, 6),
    (2, 27, 24, 4),
    (2, 40, 180, 4),
    (3, 1, 1164, 5),
    (3, 6, 615.95, 5),
    (3, 11, 1650, 1),
    (3, 16, 28, 2),
    (3, 21, 55, 3),
    (3, 26, 125, 3),
    (3, 31, 21.34, 5),
    (3, 36, 165, 4),
    (4, 1, 1200, 4),
    (4, 9, 33, 3),
    (4, 17, 45, 1),
    (4, 25, 134.83, 6),
    (4, 39, 169.75, 5),
    (5, 1, 1200, 4),
    (5, 14, 135.75, 5),
    (5, 31, 22, 3),
    (6, 2, 1746, 5),
    (6, 7, 49, 2),
    (6, 12, 22.8, 6),
    (6, 17, 43.65, 5),
    (6, 22, 79.54, 6),
    (6, 27, 24, 4),
    (6, 32, 32, 2),
    (7, 14, 139.95, 3),
    (7, 27, 24, 2),
    (8, 16, 28, 2),
    (8, 22, 82, 3),
    (8, 28, 29, 4),
    (8, 34, 27, 1),
    (8, 40, 174.6, 6),
    (9, 24, 69, 1),
    (10, 1, 1200, 2),
    (10, 24, 69, 3),
    (11, 1, 1200, 1),
    (11, 6, 615.95, 6),
    (11, 11, 1650, 3),
    (11, 16, 28, 1),
    (11, 21, 55, 3),
    (11, 26, 125, 1),
    (11, 31, 21.34, 5),
    (11, 36, 160.05, 5),
    (12, 10, 36, 2),
    (13, 1, 1200, 2),
    (13, 11, 1650, 3),
    (13, 28, 29, 1),
    (13, 38, 166, 1),
    (14, 1, 1164, 5),
    (14, 14, 139.95, 2),
    (14, 40, 180, 4),
    (15, 1, 1200, 2),
    (15, 9, 33, 3),
    (15, 17, 43.65, 5),
    (15, 29, 34, 2),
    (15, 37, 189, 1),
    (16, 9, 33, 1),
    (16, 14, 139.95, 2),
    (16, 19, 47, 3),
    (16, 24, 69, 4),
    (16, 29, 34, 3),
    (16, 34, 26.19, 6),
    (16, 39, 169.75, 6),
    (17, 1, 1200, 2),
    (17, 7, 47.53, 6),
    (17, 13, 65.47, 5),
    (17, 19, 47, 4),
    (17, 25, 134.83, 5),
    (17, 36, 160.05, 6),
    (18, 12, 22, 6),
    (18, 20, 14, 4),
    (18, 28, 28, 4),
    (18, 36, 157, 3),
    (19, 1, 1164, 5),
    (19, 6, 635, 2),
    (19, 11, 1650, 4),
    (19, 20, 15, 3),
    (19, 25, 139, 3),
    (19, 30, 45, 4),
    (19, 35, 37.83, 6),
    (19, 40, 180, 4),
    (20, 1, 1200, 3),
    (20, 37, 183.33, 6),
    (21, 3, 75, 3),
    (21, 13, 65.47, 6),
    (21, 33, 18.43, 5),
    (22, 1, 1164, 5),
    (22, 7, 47.53, 6),
    (22, 17, 45, 2),
    (22, 29, 34, 1),
    (22, 35, 37.83, 6),
    (23, 1, 1106, 6),
    (23, 6, 603, 3),
    (23, 11, 1568, 4),
    (23, 16, 26, 6),
    (23, 21, 52, 3),
    (23, 29, 32, 1),
    (23, 34, 25, 5),
    (23, 39, 166, 2),
    (24, 9, 33, 2),
    (24, 14, 139.95, 3),
    (24, 19, 47, 4),
    (24, 24, 69, 1),
    (24, 29, 34, 2),
    (24, 34, 27, 2),
    (25, 1, 1140, 4),
    (25, 11, 1568, 3),
    (25, 17, 43, 3),
    (25, 29, 32, 2),
    (25, 35, 36, 5),
    (26, 1, 1164, 5),
    (26, 7, 47.53, 6),
    (26, 13, 67.5, 3),
    (26, 24, 69, 1),
    (26, 30, 45, 2),
    (26, 36, 160.05, 5),
    (27, 1, 1164, 6),
    (27, 7, 49, 3),
    (27, 13, 67.5, 1),
    (27, 26, 121.25, 5),
    (27, 32, 32, 1),
    (27, 38, 166, 1),
    (28, 7, 49, 4),
    (28, 27, 23.28, 6),
    (29, 38, 166, 4),
    (30, 1, 1164, 5),
    (30, 9, 33, 1),
    (30, 17, 45, 4),
    (30, 29, 34, 4),
    (30, 37, 183.33, 6),
    (31, 16, 27.16, 6),
    (32, 1, 1164, 6),
    (32, 7, 49, 1),
    (32, 19, 45.59, 5),
    (32, 25, 134.83, 6),
    (32, 31, 21.34, 5),
    (32, 37, 189, 3),
    (33, 1, 1200, 1),
    (33, 7, 47.53, 6),
    (33, 13, 65.47, 5),
    (33, 19, 47, 4),
    (33, 33, 19, 1),
    (33, 39, 175, 2),
    (34, 8, 48.5, 5),
    (34, 28, 28.13, 6),
    (35, 1, 1200, 4),
    (35, 14, 139.95, 1),
    (35, 32, 31.04, 5),
    (36, 5, 7.45, 1),
    (37, 8, 50, 3),
    (37, 18, 173.63, 6),
    (37, 28, 29, 1),
    (37, 38, 166, 3),
    (38, 39, 166, 4),
    (39, 1, 1164, 6),
    (39, 6, 615.95, 5),
    (39, 11, 1600.5, 6),
    (39, 16, 28, 2),
    (39, 21, 55, 3),
    (39, 26, 125, 1),
    (39, 31, 22, 2),
    (39, 36, 165, 1),
    (40, 6, 603, 1),
    (40, 19, 43, 5),
    (40, 32, 29, 5),
    (41, 10, 36, 4),
    (41, 16, 27.16, 5),
    (41, 22, 79.54, 5),
    (41, 28, 28.13, 6),
    (41, 34, 26.19, 6),
    (41, 40, 180, 4),
    (42, 1, 1164, 5),
    (42, 9, 33, 1),
    (42, 19, 47, 3),
    (42, 27, 24, 1),
    (42, 35, 39, 4),
    (43, 1, 1200, 2),
    (43, 6, 635, 3),
    (43, 11, 1650, 1),
    (43, 16, 27.16, 5),
    (43, 28, 28.13, 6),
    (43, 33, 19, 4),
    (43, 38, 161.02, 5),
    (44, 1, 1200, 1),
    (44, 7, 49, 1),
    (44, 13, 67.5, 1),
    (44, 26, 121.25, 6),
    (44, 32, 31.04, 5),
    (44, 38, 166, 1),
    (45, 1, 1164, 5),
    (45, 6, 635, 2),
    (45, 11, 1600.5, 6),
    (45, 16, 28, 3),
    (45, 25, 139, 3),
    (45, 30, 43.65, 5),
    (45, 35, 39, 3),
    (45, 40, 180, 2),
    (46, 35, 39, 2),
    (47, 1, 1164, 5),
    (48, 1, 1200, 1),
    (48, 20, 14.55, 6),
    (48, 33, 18.43, 6),
    (49, 13, 67.5, 3),
    (49, 19, 47, 3),
    (49, 25, 139, 2),
    (49, 31, 22, 3),
    (49, 37, 189, 3),
    (50, 5, 7.45, 2),
    (50, 15, 4.84, 6),
    (50, 25, 139, 2),
    (50, 35, 39, 4),
    (51, 1, 1200, 1),
    (52, 30, 43.65, 6),
    (53, 1, 1164, 6),
    (53, 6, 635, 4),
    (53, 11, 1600.5, 6),
    (53, 16, 28, 2),
    (53, 21, 55, 1),
    (53, 34, 27, 1),
    (53, 39, 175, 2),
    (54, 10, 36, 2),
    (55, 10, 36, 1),
    (56, 6, 635, 4),
    (56, 16, 27.16, 5),
    (56, 26, 125, 3),
    (56, 36, 165, 2),
    (57, 1, 1200, 2),
    (57, 14, 135.75, 6),
    (57, 20, 14.55, 5),
    (57, 26, 121.25, 5),
    (57, 32, 31.04, 5),
    (57, 38, 166, 1),
    (58, 1, 1140, 2),
    (58, 7, 47, 4),
    (58, 13, 64, 3),
    (58, 19, 45, 3),
    (58, 31, 21, 2),
    (58, 37, 180, 1),
    (59, 1, 1200, 4),
    (59, 6, 635, 4),
    (59, 11, 1650, 4),
    (59, 21, 53.35, 6),
    (59, 26, 121.25, 6),
    (59, 31, 22, 1),
    (59, 36, 165, 3),
    (60, 1, 1200, 1),
    (60, 6, 635, 1),
    (60, 11, 1600.5, 5),
    (60, 16, 28, 3),
    (60, 28, 29, 1),
    (60, 33, 19, 1),
    (60, 38, 166, 1),
    (61, 1, 1200, 3),
    (61, 9, 33, 3),
    (61, 17, 43.65, 5),
    (61, 25, 139, 3),
    (61, 33, 19, 2),
    (62, 7, 49, 3),
    (62, 21, 55, 1),
    (62, 27, 24, 4),
    (62, 33, 19, 1),
    (62, 39, 169.75, 6),
    (63, 1, 1164, 6),
    (63, 27, 24, 2),
    (64, 1, 1200, 1),
    (64, 6, 615.95, 5),
    (64, 11, 1650, 2),
    (64, 16, 28, 4),
    (64, 21, 53.35, 5),
    (64, 28, 29, 3),
    (64, 33, 19, 4),
    (64, 38, 166, 2),
    (65, 1, 1200, 3),
    (65, 11, 1600.5, 6),
    (65, 21, 53.35, 6),
    (65, 34, 27, 1),
    (66, 1, 1200, 1),
    (66, 6, 635, 4),
    (66, 11, 1600.5, 6),
    (66, 16, 28, 2),
    (66, 21, 53.35, 5),
    (66, 29, 34, 2),
    (66, 34, 27, 4),
    (66, 39, 175, 4),
    (67, 10, 34, 4),
    (67, 16, 27, 3),
    (67, 22, 78, 4),
    (67, 28, 28, 3),
    (67, 34, 26, 2),
    (67, 40, 171, 1),
    (68, 19, 45.59, 6),
    (69, 6, 635, 3),
    (69, 16, 28, 1),
    (69, 26, 121.25, 5),
    (69, 36, 165, 3),
    (70, 9, 30, 5),
    (70, 22, 78, 3),
    (70, 35, 36, 5),
    (71, 1, 1140, 1),
    (71, 14, 133, 4),
    (71, 30, 43, 2),
    (72, 16, 27.16, 5),
    (72, 22, 82, 2),
    (72, 27, 23.28, 6),
    (72, 32, 32, 4),
    (72, 37, 183.33, 5),
    (73, 1, 1164, 5),
    (73, 7, 47.53, 6),
    (73, 13, 67.5, 3),
    (73, 25, 139, 4),
    (73, 31, 21.34, 5),
    (73, 37, 189, 1),
    (74, 1, 1200, 2),
    (74, 6, 635, 4),
    (74, 11, 1600.5, 5),
    (74, 16, 28, 3),
    (74, 21, 53.35, 5),
    (74, 26, 121.25, 5),
    (74, 33, 19, 2),
    (74, 38, 166, 1),
    (75, 1, 1200, 4),
    (75, 9, 33, 4),
    (75, 14, 135.75, 5),
    (75, 19, 47, 1),
    (75, 24, 69, 4),
    (75, 29, 34, 3),
    (75, 34, 26.19, 5),
    (75, 39, 175, 3),
    (76, 18, 173.63, 5),
    (77, 1, 1200, 1),
    (77, 7, 49, 1),
    (77, 13, 67.5, 4),
    (77, 19, 47, 1),
    (77, 30, 43.65, 6),
    (77, 36, 165, 2),
    (78, 1, 1200, 3),
    (78, 11, 1600.5, 6),
    (78, 21, 55, 3),
    (78, 34, 26.19, 5),
    (79, 1, 1106, 6),
    (79, 7, 47, 2),
    (79, 13, 64, 2),
    (79, 28, 28, 1),
    (79, 34, 26, 3),
    (79, 40, 171, 1),
    (80, 1, 1140, 3),
    (80, 6, 585, 5),
    (80, 11, 1568, 4),
    (80, 16, 26, 5),
    (80, 29, 31, 6),
    (80, 34, 26, 3),
    (80, 39, 166, 4),
    (81, 39, 161, 6),
    (82, 1, 1164, 6),
    (82, 6, 635, 4),
    (82, 11, 1650, 1),
    (82, 16, 28, 4),
    (82, 21, 53.35, 6),
    (82, 32, 31.04, 5),
    (82, 37, 183.33, 6),
    (83, 10, 36, 4),
    (83, 36, 165, 3),
    (84, 16, 27.16, 6),
    (84, 21, 55, 3),
    (84, 35, 39, 2),
    (84, 40, 174.6, 5),
    (85, 16, 28, 2),
    (85, 21, 53.35, 6),
    (85, 26, 121.25, 6),
    (85, 31, 22, 2),
    (85, 36, 165, 4),
    (86, 1, 1200, 2),
    (86, 6, 615.95, 6),
    (86, 11, 1650, 1),
    (86, 18, 179, 3),
    (86, 28, 28.13, 5),
    (86, 33, 19, 3),
    (86, 38, 161.02, 5),
    (87, 1, 1164, 5),
    (87, 21, 55, 4),
    (87, 34, 27, 3),
    (88, 36, 160.05, 6),
    (89, 15, 4.84, 6),
    (89, 31, 22, 4),
    (89, 39, 175, 3),
    (90, 33, 18, 3),
    (91, 1, 1164, 5),
    (91, 6, 635, 2),
    (91, 11, 1650, 4),
    (91, 16, 28, 1),
    (91, 26, 125, 2),
    (91, 31, 22, 3),
    (91, 36, 160.05, 5),
    (92, 1, 1200, 3),
    (92, 14, 135.75, 5),
    (92, 32, 31.04, 5),
    (93, 3, 75, 1),
    (94, 1, 1200, 2),
    (94, 7, 49, 3),
    (94, 13, 65.47, 5),
    (94, 26, 125, 4),
    (94, 32, 32, 3),
    (94, 38, 166, 4),
    (95, 5, 7.23, 5),
    (95, 11, 1600.5, 6),
    (95, 17, 45, 3),
    (95, 29, 34, 2),
    (95, 35, 39, 3),
    (96, 1, 1140, 4),
    (96, 17, 43, 3),
    (96, 27, 23, 3),
    (96, 37, 180, 3),
    (97, 1, 1200, 2),
    (97, 14, 139.95, 1),
    (97, 30, 45, 1),
    (98, 1, 1200, 4),
    (98, 33, 19, 3),
    (99, 1, 1200, 4),
    (99, 25, 139, 2),
    (100, 3, 75, 3),
    (100, 11, 1650, 2),
    (100, 19, 47, 3),
    (100, 27, 23.28, 6),
    (100, 35, 39, 1),
    (101, 7, 47.53, 6),
    (101, 15, 4.99, 4),
    (101, 31, 22, 3),
    (101, 39, 169.75, 6),
    (102, 1, 1200, 3),
    (102, 9, 33, 4),
    (102, 17, 43.65, 5),
    (102, 25, 134.83, 6),
    (102, 33, 18.43, 6),
    (103, 1, 1106, 5),
    (103, 6, 603, 4),
    (103, 19, 43, 6),
    (103, 24, 66, 3),
    (103, 29, 32, 3),
    (103, 34, 26, 3),
    (103, 39, 166, 2),
    (104, 1, 1140, 3),
    (104, 37, 174, 6),
    (105, 2, 1746, 5),
    (105, 8, 50, 3),
    (105, 14, 139.95, 1),
    (105, 20, 15, 3),
    (105, 26, 125, 1),
    (105, 32, 31.04, 5),
    (106, 32, 32, 4),
    (107, 17, 45, 2),
    (107, 22, 82, 3),
    (107, 27, 23.28, 5),
    (107, 32, 32, 1),
    (107, 37, 189, 4),
    (108, 31, 22, 4),
    (109, 39, 175, 4),
    (110, 16, 27.16, 6),
    (110, 21, 55, 3),
    (110, 26, 125, 1),
    (110, 37, 189, 1),
    (111, 2, 1746, 6),
    (111, 8, 50, 4),
    (111, 14, 139.95, 3),
    (111, 20, 14.55, 6),
    (111, 26, 125, 4),
    (111, 32, 32, 4),
    (112, 16, 28, 3),
    (112, 36, 165, 2),
    (113, 1, 1200, 4),
    (113, 25, 139, 1),
    (113, 38, 161.02, 5),
    (114, 17, 43.65, 5),
    (114, 30, 45, 3),
    (115, 8, 50, 4),
    (115, 16, 28, 3),
    (115, 24, 69, 3),
    (115, 32, 32, 4),
    (115, 40, 180, 1),
    (116, 1, 1200, 3),
    (116, 12, 23.5, 2),
    (116, 20, 15, 2),
    (116, 28, 28.13, 5),
    (116, 36, 165, 4),
    (117, 1, 1164, 6),
    (117, 6, 635, 4),
    (117, 18, 179, 4),
    (117, 28, 29, 4),
    (117, 33, 19, 3),
    (117, 38, 166, 1),
    (118, 33, 18.43, 6),
    (119, 1, 1164, 6),
    (119, 6, 615.95, 5),
    (119, 11, 1650, 4),
    (119, 16, 28, 3),
    (119, 26, 121.25, 5),
    (119, 31, 22, 4),
    (119, 36, 165, 1),
    (120, 1, 1200, 2),
    (120, 9, 33, 2),
    (120, 17, 43.65, 5),
    (120, 25, 139, 4),
    (120, 38, 166, 4),
    (121, 1, 1140, 2),
    (121, 14, 133, 1),
    (121, 29, 31, 6),
    (122, 1, 1200, 3),
    (122, 9, 33, 1),
    (122, 17, 45, 3),
    (122, 25, 134.83, 6),
    (122, 33, 19, 3),
    (123, 6, 615.95, 5),
    (123, 12, 23.5, 2),
    (123, 18, 179, 1),
    (123, 24, 66.93, 6),
    (123, 30, 43.65, 6),
    (123, 36, 165, 1),
    (124, 1, 1164, 6),
    (124, 33, 18.43, 6),
    (125, 1, 1200, 3),
    (125, 17, 45, 2),
    (125, 30, 43.65, 6),
    (126, 9, 30, 6),
    (126, 14, 133, 4),
    (126, 19, 45, 1),
    (126, 24, 64, 6),
    (126, 29, 32, 2),
    (126, 34, 25, 5),
    (126, 39, 161, 6),
    (127, 1, 1164, 6),
    (127, 7, 47.53, 5),
    (127, 13, 67.5, 3),
    (127, 19, 47, 1),
    (127, 25, 139, 3),
    (127, 36, 165, 3),
    (128, 21, 53.35, 5),
    (128, 33, 18.43, 6),
    (129, 24, 69, 1),
    (130, 1, 1164, 5),
    (130, 6, 615.95, 5),
    (130, 13, 65.47, 5),
    (130, 18, 179, 2),
    (130, 28, 29, 1),
    (130, 33, 18.43, 6),
    (130, 38, 166, 4),
    (131, 1, 1164, 6),
    (131, 17, 45, 2),
    (131, 30, 45, 2),
    (132, 1, 1200, 2),
    (132, 37, 183.33, 5),
    (133, 9, 33, 2),
    (134, 16, 28, 2),
    (134, 21, 53.35, 6),
    (134, 26, 121.25, 6),
    (134, 31, 22, 4),
    (134, 37, 183.33, 6),
    (135, 6, 615.95, 5),
    (135, 14, 135.75, 6),
    (135, 22, 82, 1),
    (135, 30, 43.65, 6),
    (135, 38, 166, 1),
    (136, 1, 1200, 3),
    (136, 11, 1600.5, 5),
    (136, 19, 47, 3),
    (136, 27, 24, 1),
    (136, 35, 39, 2),
    (137, 16, 28, 3),
    (137, 21, 55, 2),
    (137, 26, 125, 1),
    (137, 37, 183.33, 5),
    (138, 10, 36, 4),
    (138, 16, 28, 3),
    (138, 22, 79.54, 5),
    (138, 28, 29, 1),
    (138, 34, 27, 4),
    (138, 40, 180, 2),
    (139, 32, 32, 4),
    (140, 1, 1200, 3),
    (140, 6, 615.95, 5),
    (140, 11, 1600.5, 6),
    (140, 22, 82, 2),
    (140, 27, 24, 2),
    (140, 32, 32, 3),
    (140, 37, 189, 1),
    (141, 1, 1200, 2),
    (141, 7, 49, 3),
    (141, 13, 67.5, 3),
    (141, 19, 45.59, 6),
    (141, 25, 139, 4),
    (141, 35, 39, 3),
    (142, 1, 1200, 3),
    (142, 27, 24, 1),
    (143, 17, 45, 2),
    (143, 30, 45, 2),
    (144, 1, 1164, 6),
    (144, 14, 135.75, 6),
    (144, 27, 24, 2),
    (145, 1, 1200, 3),
    (145, 36, 165, 4),
    (146, 18, 179, 2),
    (147, 1, 1200, 2),
    (147, 14, 135.75, 5),
    (147, 37, 183.33, 6),
    (148, 1, 1200, 1),
    (148, 6, 615.95, 5),
    (148, 11, 1650, 2),
    (148, 16, 27.16, 5),
    (148, 21, 55, 4),
    (148, 26, 125, 1),
    (148, 31, 22, 1),
    (148, 36, 165, 4),
    (149, 1, 1200, 4),
    (149, 38, 166, 3),
    (150, 1, 1164, 6),
    (150, 11, 1650, 2),
    (150, 21, 53.35, 5),
    (150, 31, 22, 1),
    (151, 24, 69, 4),
    (152, 2, 1710, 3),
    (152, 7, 47, 1),
    (152, 12, 22, 4),
    (152, 17, 43, 4),
    (152, 22, 78, 2),
    (152, 27, 22, 5),
    (152, 32, 30, 2),
    (153, 7, 49, 1),
    (153, 13, 67.5, 2),
    (153, 19, 47, 3),
    (153, 34, 26.19, 5),
    (153, 40, 174.6, 5),
    (154, 14, 139.95, 4),
    (154, 36, 160.05, 5),
    (155, 10, 36, 4),
    (155, 20, 15, 3),
    (155, 30, 45, 3),
    (155, 40, 180, 4),
    (156, 1, 1164, 6),
    (156, 6, 635, 1),
    (156, 19, 47, 4),
    (156, 24, 69, 3),
    (156, 29, 34, 1),
    (156, 34, 27, 4),
    (156, 39, 169.75, 5),
    (157, 1, 1164, 6),
    (157, 11, 1600.5, 6),
    (157, 21, 53.35, 6),
    (157, 33, 19, 1),
    (158, 21, 53.35, 6),
    (159, 10, 34.92, 5),
    (159, 20, 15, 2),
    (159, 30, 45, 4),
    (159, 40, 180, 4),
    (160, 1, 1200, 1),
    (160, 6, 635, 1),
    (160, 11, 1600.5, 5),
    (160, 16, 28, 1),
    (160, 21, 55, 2),
    (160, 26, 121.25, 6),
    (160, 31, 22, 3),
    (160, 36, 160.05, 5),
    (161, 1, 1200, 2),
    (161, 16, 28, 1),
    (161, 36, 165, 4),
    (162, 11, 1600.5, 5),
    (162, 31, 22, 1),
    (163, 1, 1164, 6),
    (163, 7, 49, 4),
    (163, 13, 65.47, 5),
    (163, 26, 125, 4),
    (163, 32, 31.04, 6),
    (163, 38, 166, 1),
    (164, 1, 1164, 6),
    (164, 24, 66.93, 5),
    (165, 1, 1106, 6),
    (165, 6, 585, 5),
    (165, 11, 1520, 6),
    (165, 20, 14, 6),
    (165, 25, 132, 4),
    (165, 30, 43, 2),
    (165, 35, 36, 6),
    (165, 40, 166, 6),
    (166, 7, 49, 3),
    (166, 13, 67.5, 4),
    (166, 19, 45.59, 6),
    (166, 25, 134.83, 5),
    (166, 40, 180, 3),
    (167, 1, 1106, 5),
    (167, 9, 30, 6),
    (167, 21, 52, 2),
    (167, 29, 31, 5),
    (167, 37, 174, 6),
    (168, 1, 1200, 1),
    (168, 7, 49, 4),
    (168, 13, 67.5, 1),
    (168, 19, 47, 2),
    (168, 29, 34, 4),
    (168, 35, 37.83, 5),
    (169, 9, 31, 1),
    (169, 14, 133, 4),
    (169, 19, 43, 6),
    (169, 24, 66, 2),
    (169, 29, 31, 6),
    (169, 34, 25, 5),
    (169, 39, 161, 5),
    (170, 1, 1200, 3),
    (170, 7, 47.53, 5),
    (170, 13, 67.5, 2),
    (170, 26, 125, 4),
    (170, 32, 32, 1),
    (170, 38, 161.02, 5),
    (171, 38, 166, 4),
    (172, 1, 1200, 2),
    (172, 11, 1650, 2),
    (172, 21, 55, 2),
    (172, 34, 27, 3),
    (173, 22, 82, 3),
    (173, 35, 37.83, 6),
    (174, 1, 1106, 6),
    (174, 36, 157, 1),
    (175, 1, 1164, 5),
    (175, 6, 615.95, 6),
    (175, 11, 1650, 3),
    (175, 16, 27.16, 6),
    (175, 21, 55, 4),
    (175, 26, 125, 4),
    (175, 31, 22, 3),
    (175, 36, 165, 3),
    (176, 7, 45, 5),
    (176, 17, 41, 6),
    (176, 27, 23, 3),
    (176, 37, 174, 6),
    (177, 1, 1200, 4),
    (177, 9, 33, 2),
    (177, 17, 45, 2),
    (177, 25, 139, 1),
    (177, 36, 165, 4),
    (178, 16, 28, 1),
    (178, 21, 55, 1),
    (178, 31, 22, 2),
    (178, 36, 160.05, 5),
    (179, 1, 1106, 5),
    (179, 6, 603, 2),
    (179, 11, 1568, 1),
    (179, 17, 41, 5),
    (179, 22, 76, 6),
    (179, 27, 23, 1),
    (179, 32, 29, 6),
    (179, 37, 174, 6),
    (180, 21, 55, 4),
    (180, 40, 180, 3),
    (181, 1, 1140, 3),
    (181, 11, 1568, 1),
    (181, 24, 64, 6),
    (181, 34, 26, 4),
    (182, 1, 1164, 6),
    (182, 6, 615.95, 5),
    (182, 18, 179, 4),
    (182, 28, 29, 2),
    (182, 33, 19, 2),
    (182, 38, 166, 4),
    (183, 1, 1200, 2),
    (183, 7, 47.53, 5),
    (183, 12, 22.8, 5),
    (183, 17, 43.65, 5),
    (183, 22, 82, 4),
    (183, 27, 23.28, 5),
    (183, 32, 31.04, 6),
    (183, 37, 183.33, 5),
    (184, 1, 1200, 3),
    (184, 6, 635, 2),
    (184, 11, 1600.5, 5),
    (184, 16, 28, 3),
    (184, 21, 53.35, 6),
    (184, 30, 43.65, 6),
    (184, 35, 39, 4),
    (184, 40, 180, 4),
    (185, 1, 1140, 4),
    (185, 18, 170, 2),
    (185, 28, 28, 4),
    (185, 38, 158, 4),
    (186, 5, 7.23, 6),
    (186, 25, 139, 2),
    (187, 22, 79.54, 5),
    (187, 35, 37.83, 6),
    (188, 1, 1164, 6),
    (188, 37, 189, 2),
    (189, 5, 7.23, 5),
    (189, 15, 4.99, 4),
    (189, 25, 134.83, 5),
    (189, 35, 39, 2),
    (190, 29, 32.98, 6),
    (191, 8, 48.5, 5),
    (191, 13, 65.47, 5),
    (191, 18, 179, 1),
    (191, 28, 29, 1),
    (191, 33, 18.43, 6),
    (191, 38, 166, 4),
    (192, 17, 43.65, 6),
    (192, 22, 79.54, 6),
    (192, 27, 24, 2),
    (192, 32, 32, 4),
    (192, 37, 189, 2),
    (193, 1, 1140, 2),
    (193, 6, 585, 5),
    (193, 20, 14, 4),
    (193, 25, 132, 1),
    (193, 30, 43, 2),
    (193, 35, 36, 5),
    (193, 40, 171, 1),
    (194, 1, 1140, 3),
    (194, 14, 129, 5),
    (194, 31, 20, 6),
    (195, 39, 166, 4),
    (196, 1, 1200, 1),
    (196, 7, 49, 4),
    (196, 13, 67.5, 3),
    (196, 19, 47, 3),
    (196, 25, 134.83, 6),
    (196, 40, 174.6, 5),
    (197, 18, 179, 1),
    (199, 9, 33, 4),
    (199, 15, 4.84, 5),
    (199, 21, 55, 1),
    (199, 27, 24, 3),
    (199, 33, 19, 1),
    (199, 39, 175, 4),
    (200, 1, 1164, 5),
    (200, 7, 47.53, 5),
    (200, 13, 67.5, 3),
    (200, 24, 66.93, 6),
    (200, 30, 45, 2),
    (200, 36, 160.05, 5),
    (201, 5, 7.23, 6),
    (202, 39, 175, 3),
    (203, 1, 1200, 2),
    (203, 6, 635, 4),
    (203, 16, 28, 3),
    (203, 21, 53.35, 5),
    (203, 31, 21.34, 5),
    (203, 36, 165, 4),
    (204, 24, 66.93, 5),
    (205, 1, 1106, 6),
    (205, 6, 603, 3),
    (205, 11, 1520, 5),
    (205, 16, 27, 2),
    (205, 21, 52, 3),
    (205, 34, 25, 6),
    (205, 39, 166, 3),
    (206, 1, 1200, 3),
    (206, 14, 139.95, 4),
    (206, 31, 22, 4),
    (207, 14, 139.95, 4),
    (207, 31, 22, 4),
    (208, 9, 32.01, 5),
    (208, 14, 139.95, 4),
    (208, 19, 47, 2),
    (208, 24, 69, 1),
    (208, 29, 32.98, 5),
    (208, 34, 27, 3),
    (208, 39, 175, 4),
    (209, 13, 67.5, 4),
    (209, 33, 19, 1),
    (210, 1, 1164, 5),
    (210, 6, 635, 3),
    (210, 11, 1650, 2),
    (210, 24, 66.93, 6),
    (210, 29, 34, 3),
    (210, 34, 26.19, 5),
    (210, 39, 169.75, 5),
    (211, 6, 615.95, 5),
    (212, 3, 75, 2),
    (213, 16, 27.16, 6),
    (213, 36, 165, 2),
    (214, 13, 65.47, 6),
    (214, 26, 121.25, 6),
    (214, 39, 175, 2),
    (215, 1, 1200, 3),
    (215, 6, 635, 2),
    (215, 18, 179, 3),
    (215, 28, 29, 4),
    (215, 33, 18.43, 6),
    (215, 38, 166, 4),
    (217, 1, 1164, 6),
    (217, 11, 1650, 1),
    (217, 30, 45, 4),
    (217, 40, 174.6, 5),
    (218, 1, 1164, 5),
    (218, 7, 49, 3),
    (218, 13, 65.47, 6),
    (218, 19, 47, 4),
    (218, 33, 18.43, 6),
    (218, 39, 175, 3),
    (219, 1, 1200, 1),
    (219, 7, 49, 4),
    (219, 13, 67.5, 4),
    (219, 19, 45.59, 6),
    (219, 25, 139, 4),
    (219, 38, 161.02, 5),
    (220, 1, 1200, 2),
    (220, 6, 635, 1),
    (220, 11, 1600.5, 6),
    (220, 22, 82, 2),
    (220, 27, 23.28, 6),
    (220, 32, 32, 3),
    (220, 37, 183.33, 6),
    (221, 6, 635, 1),
    (221, 14, 139.95, 3),
    (221, 22, 79.54, 6),
    (221, 30, 45, 3),
    (221, 38, 161.02, 6),
    (222, 1, 1200, 3),
    (222, 11, 1650, 3),
    (222, 24, 69, 1),
    (222, 34, 26.19, 5),
    (223, 1, 1106, 6),
    (223, 11, 1520, 6),
    (223, 29, 32, 2),
    (223, 39, 166, 2),
    (224, 1, 1164, 5),
    (224, 9, 32.01, 6),
    (224, 20, 15, 3),
    (224, 28, 29, 2),
    (224, 36, 165, 4),
    (225, 1, 1140, 3),
    (225, 7, 45, 6),
    (225, 13, 62, 6),
    (225, 26, 119, 3),
    (225, 32, 29, 5),
    (225, 38, 158, 2),
    (226, 20, 15, 4),
    (226, 30, 45, 2),
    (226, 40, 180, 2),
    (227, 1, 1140, 2),
    (227, 6, 585, 5),
    (227, 11, 1568, 2),
    (227, 16, 26, 5),
    (227, 25, 128, 5),
    (227, 30, 41, 6),
    (227, 35, 36, 6),
    (227, 40, 166, 6),
    (228, 17, 43, 1),
    (229, 6, 615.95, 5),
    (229, 26, 121.25, 5),
    (230, 26, 121.25, 6),
    (231, 8, 48, 4),
    (231, 13, 64, 2),
    (231, 18, 170, 2),
    (231, 28, 27, 6),
    (231, 33, 18, 1),
    (231, 38, 158, 4),
    (232, 7, 47, 1),
    (232, 13, 64, 3),
    (232, 19, 45, 1),
    (232, 25, 132, 3),
    (232, 31, 21, 2),
    (232, 37, 174, 5),
    (233, 1, 1200, 3),
    (233, 24, 66.93, 6),
    (234, 10, 36, 2),
    (234, 36, 165, 2),
    (235, 9, 33, 1),
    (235, 17, 45, 4),
    (235, 25, 139, 2),
    (235, 38, 166, 1),
    (236, 5, 7.45, 4),
    (236, 10, 34.92, 6),
    (236, 15, 4.99, 4),
    (236, 20, 15, 3),
    (236, 25, 134.83, 5),
    (236, 30, 43.65, 6),
    (236, 35, 39, 2),
    (236, 40, 180, 2),
    (237, 2, 1800, 2),
    (237, 7, 47.53, 5),
    (237, 12, 22.8, 6),
    (237, 17, 45, 3),
    (237, 22, 82, 4),
    (237, 27, 23.28, 6),
    (237, 32, 31.04, 5),
    (238, 1, 1200, 3),
    (238, 24, 69, 2),
    (238, 37, 183.33, 5),
    (239, 1, 1200, 3),
    (239, 6, 615.95, 5),
    (239, 11, 1650, 2),
    (239, 16, 28, 3),
    (239, 21, 53.35, 5),
    (239, 35, 37.83, 5),
    (239, 40, 180, 4),
    (240, 5, 7.23, 6),
    (240, 18, 173.63, 6),
    (240, 31, 22, 3),
    (241, 14, 139.95, 2),
    (241, 27, 24, 4),
    (241, 40, 180, 3),
    (242, 1, 1200, 3),
    (242, 6, 635, 1),
    (242, 11, 1650, 3),
    (242, 16, 28, 2),
    (242, 21, 55, 3),
    (242, 26, 121.25, 5),
    (242, 31, 21.34, 5),
    (242, 36, 165, 4),
    (243, 1, 1200, 3),
    (243, 6, 635, 4),
    (243, 16, 28, 4),
    (243, 21, 55, 3),
    (243, 26, 125, 1),
    (243, 31, 22, 1),
    (243, 36, 165, 1),
    (244, 11, 1600.5, 6),
    (245, 10, 34.92, 6),
    (245, 18, 179, 4),
    (245, 26, 121.25, 5),
    (245, 34, 27, 4),
    (246, 1, 1164, 5),
    (246, 15, 4.99, 1),
    (246, 21, 55, 3),
    (246, 27, 24, 2),
    (246, 33, 18.43, 5),
    (246, 39, 175, 2),
    (247, 1, 1200, 2),
    (247, 9, 33, 1),
    (247, 17, 43.65, 6),
    (247, 25, 139, 2),
    (247, 33, 19, 2),
    (248, 1, 1200, 4),
    (248, 7, 49, 4),
    (248, 19, 47, 4),
    (248, 25, 139, 1),
    (248, 31, 22, 4),
    (248, 37, 189, 3),
    (249, 1, 1106, 5),
    (249, 7, 45, 5),
    (249, 13, 64, 3),
    (249, 19, 45, 1),
    (249, 25, 128, 5),
    (249, 38, 158, 2),
    (250, 1, 1200, 1),
    (250, 14, 139.95, 4),
    (250, 34, 27, 4),
    (251, 6, 635, 1),
    (251, 11, 1600.5, 5),
    (251, 16, 28, 3),
    (251, 21, 53.35, 6),
    (251, 26, 121.25, 6),
    (251, 31, 21.34, 5),
    (251, 36, 165, 2),
    (252, 1, 1200, 3),
    (252, 9, 33, 3),
    (252, 14, 139.95, 1),
    (252, 19, 47, 4),
    (252, 24, 69, 3),
    (252, 29, 34, 2),
    (252, 34, 27, 1),
    (252, 39, 175, 3),
    (253, 1, 1164, 6),
    (253, 27, 24, 2),
    (254, 13, 67.5, 4),
    (254, 26, 125, 3),
    (254, 39, 169.75, 5),
    (255, 16, 28, 1),
    (256, 1, 1140, 4),
    (256, 6, 585, 5),
    (256, 11, 1520, 6),
    (256, 16, 27, 2),
    (256, 24, 66, 2),
    (256, 29, 32, 3),
    (256, 34, 26, 3),
    (256, 39, 166, 3),
    (257, 1, 1164, 6),
    (257, 13, 67.5, 3),
    (257, 19, 45.59, 5),
    (257, 25, 139, 3),
    (257, 31, 22, 3),
    (257, 37, 189, 2),
    (258, 1, 1140, 1),
    (258, 6, 603, 1),
    (258, 11, 1520, 6),
    (258, 16, 27, 1),
    (258, 24, 64, 5),
    (258, 29, 32, 3),
    (258, 34, 26, 1),
    (258, 39, 166, 2),
    (259, 36, 160.05, 6),
    (260, 1, 1140, 3),
    (260, 9, 31, 4),
    (260, 17, 43, 3),
    (260, 25, 128, 5),
    (260, 39, 166, 1),
    (261, 1, 1200, 1),
    (261, 15, 4.99, 1),
    (261, 28, 29, 3),
    (262, 16, 27.16, 6),
    (263, 1, 1164, 5),
    (263, 11, 1600.5, 6),
    (263, 21, 53.35, 6),
    (263, 33, 19, 2),
    (264, 21, 53.35, 5),
    (265, 2, 1800, 4),
    (265, 7, 47.53, 6),
    (265, 12, 23.5, 2),
    (265, 17, 45, 1),
    (265, 22, 82, 4),
    (265, 27, 23.28, 5),
    (265, 32, 32, 2),
    (265, 37, 189, 3),
    (266, 1, 1164, 6),
    (266, 9, 33, 4),
    (266, 17, 45, 2),
    (266, 25, 139, 2),
    (266, 36, 165, 2),
    (267, 1, 1200, 3),
    (267, 25, 139, 2),
    (267, 38, 166, 3),
    (268, 1, 1164, 6),
    (268, 6, 615.95, 6),
    (268, 11, 1650, 2),
    (268, 16, 27.16, 6),
    (268, 21, 55, 4),
    (268, 26, 125, 1),
    (268, 32, 32, 4),
    (268, 37, 183.33, 6),
    (269, 1, 1140, 2),
    (269, 6, 603, 1),
    (269, 13, 64, 3),
    (269, 18, 170, 1),
    (269, 28, 28, 3),
    (269, 33, 18, 4),
    (269, 38, 158, 4),
    (270, 1, 1200, 1),
    (270, 15, 4.99, 2),
    (270, 31, 22, 1),
    (270, 39, 175, 1),
    (271, 1, 1200, 2),
    (271, 9, 32.01, 6),
    (271, 19, 45.59, 6),
    (271, 27, 23.28, 5),
    (271, 35, 39, 1),
    (272, 1, 1164, 6),
    (272, 16, 28, 4),
    (272, 26, 125, 2),
    (272, 36, 160.05, 6),
    (273, 1, 1200, 4),
    (273, 9, 33, 1),
    (273, 17, 43.65, 6),
    (273, 30, 43.65, 5),
    (273, 38, 166, 3),
    (274, 18, 179, 3),
    (275, 5, 7.45, 2),
    (276, 1, 1200, 4),
    (276, 11, 1600.5, 6),
    (276, 19, 47, 4),
    (276, 27, 24, 4),
    (276, 35, 39, 3),
    (277, 12, 23.5, 1),
    (277, 20, 14.55, 6),
    (277, 28, 29, 2),
    (277, 36, 165, 1),
    (278, 1, 1200, 1),
    (278, 24, 69, 3),
    (278, 37, 183.33, 6),
    (279, 1, 1140, 2),
    (279, 11, 1568, 3),
    (279, 21, 51, 5),
    (279, 39, 161, 6),
    (280, 1, 1140, 4),
    (280, 14, 133, 2),
    (280, 40, 166, 6),
    (281, 1, 1106, 6),
    (281, 6, 603, 1),
    (281, 11, 1568, 3),
    (281, 16, 27, 3),
    (281, 21, 51, 5),
    (281, 33, 18, 2),
    (281, 38, 158, 4),
    (282, 1, 1200, 2),
    (282, 14, 135.75, 5),
    (282, 32, 32, 2),
    (283, 19, 47, 1),
    (283, 39, 169.75, 5),
    (284, 1, 1106, 5),
    (284, 6, 603, 4),
    (284, 11, 1568, 3),
    (284, 16, 27, 4),
    (284, 21, 52, 1),
    (284, 27, 22, 6),
    (284, 32, 30, 1),
    (284, 37, 180, 1),
    (285, 1, 1200, 1),
    (285, 17, 45, 1),
    (285, 27, 24, 1),
    (285, 37, 189, 3),
    (286, 1, 1164, 5),
    (286, 29, 34, 4),
    (287, 9, 33, 1),
    (287, 29, 32.98, 5),
    (288, 8, 48.5, 5),
    (288, 28, 28.13, 5),
    (289, 9, 32.01, 5),
    (289, 19, 47, 1),
    (289, 29, 34, 2),
    (289, 39, 169.75, 5),
    (290, 1, 1200, 2),
    (290, 17, 45, 4),
    (290, 30, 45, 1),
    (291, 1, 1140, 4),
    (291, 14, 133, 2),
    (291, 30, 41, 6),
    (292, 1, 1200, 2),
    (292, 7, 49, 1),
    (292, 13, 67.5, 1),
    (292, 19, 47, 1),
    (292, 25, 139, 1),
    (292, 35, 39, 4),
    (293, 1, 1140, 2),
    (293, 7, 45, 5),
    (293, 13, 62, 5),
    (293, 19, 45, 4),
    (293, 25, 128, 5),
    (293, 36, 152, 6),
    (294, 1, 1140, 3),
    (294, 15, 5, 6),
    (294, 20, 14, 4),
    (294, 25, 132, 2),
    (294, 30, 43, 3),
    (294, 35, 36, 5),
    (294, 40, 166, 6),
    (295, 1, 1164, 5),
    (295, 9, 33, 2),
    (295, 17, 43.65, 6),
    (295, 25, 134.83, 6),
    (295, 34, 27, 1),
    (296, 1, 1200, 2),
    (296, 34, 27, 2),
    (297, 6, 635, 2),
    (297, 26, 121.25, 5),
    (298, 1, 1164, 6),
    (298, 26, 125, 4),
    (299, 19, 45.59, 5),
    (299, 39, 175, 1),
    (300, 1, 1164, 6),
    (300, 6, 635, 1),
    (300, 11, 1600.5, 5),
    (300, 30, 45, 2),
    (300, 35, 39, 2),
    (300, 40, 180, 1),
    (301, 1, 1140, 2),
    (301, 14, 129, 5),
    (301, 40, 171, 4),
    (302, 1, 1200, 4),
    (302, 14, 139.95, 2),
    (302, 36, 160.05, 5),
    (303, 8, 48.5, 5),
    (303, 13, 67.5, 3),
    (303, 18, 179, 4),
    (303, 28, 29, 1),
    (303, 33, 18.43, 6),
    (303, 38, 161.02, 5),
    (304, 16, 27.16, 5),
    (304, 21, 55, 3),
    (304, 27, 24, 1),
    (304, 32, 32, 1),
    (304, 37, 189, 3),
    (306, 1, 1200, 4),
    (306, 20, 15, 2),
    (306, 33, 18.43, 6),
    (307, 1, 1200, 4),
    (307, 7, 49, 2),
    (307, 13, 67.5, 2),
    (307, 19, 47, 1),
    (307, 30, 45, 1),
    (307, 36, 165, 4),
    (308, 1, 1200, 4),
    (308, 19, 47, 2),
    (308, 29, 32.98, 6),
    (308, 39, 175, 2),
    (309, 5, 7.23, 5),
    (309, 13, 67.5, 2),
    (309, 21, 53.35, 5),
    (309, 29, 34, 3),
    (309, 37, 189, 4),
    (310, 1, 1140, 2),
    (310, 6, 603, 3),
    (310, 11, 1520, 5),
    (310, 24, 66, 2),
    (310, 29, 31, 5),
    (310, 34, 26, 3),
    (310, 39, 161, 6),
    (311, 16, 28, 2),
    (311, 26, 125, 2),
    (311, 31, 21.34, 5),
    (311, 36, 165, 4),
    (312, 15, 4.99, 4),
    (312, 21, 55, 3),
    (312, 27, 24, 1),
    (312, 33, 18.43, 6),
    (312, 39, 175, 4),
    (313, 1, 1164, 5),
    (313, 15, 4.84, 6),
    (313, 31, 22, 4),
    (313, 39, 175, 1),
    (314, 20, 14.55, 5),
    (314, 40, 180, 2),
    (315, 1, 1164, 6),
    (315, 7, 49, 1),
    (315, 13, 67.5, 4),
    (315, 25, 134.83, 5),
    (315, 31, 22, 3),
    (315, 37, 189, 4),
    (316, 38, 161.02, 6),
    (317, 1, 1200, 2),
    (317, 13, 65.47, 6),
    (317, 21, 53.35, 5),
    (317, 29, 32.98, 5),
    (317, 37, 183.33, 5),
    (318, 6, 615.95, 6),
    (319, 1, 1200, 2),
    (319, 38, 166, 4),
    (320, 21, 55, 4),
    (321, 1, 1164, 5),
    (321, 7, 47.53, 5),
    (321, 13, 67.5, 1),
    (321, 24, 69, 1),
    (321, 30, 45, 3),
    (321, 36, 165, 3),
    (322, 36, 165, 4),
    (323, 1, 1200, 4),
    (323, 12, 23.5, 4),
    (323, 17, 43.65, 5),
    (323, 22, 82, 2),
    (323, 27, 24, 2),
    (323, 32, 32, 2),
    (323, 37, 189, 1),
    (324, 8, 48, 1),
    (325, 1, 1200, 3),
    (325, 6, 635, 3),
    (325, 12, 23.5, 1),
    (325, 17, 43.65, 5),
    (325, 22, 82, 2),
    (325, 27, 23.28, 5),
    (325, 32, 31.04, 6),
    (325, 37, 189, 3),
    (326, 8, 48.5, 5),
    (327, 1, 1200, 2),
    (327, 9, 32.01, 5),
    (327, 17, 45, 3),
    (327, 25, 139, 1),
    (327, 34, 27, 4),
    (328, 36, 160.05, 6),
    (329, 1, 1200, 3),
    (329, 6, 615.95, 6),
    (329, 11, 1650, 2),
    (329, 16, 27.16, 5),
    (329, 21, 55, 2),
    (329, 26, 125, 2),
    (329, 31, 21.34, 6),
    (329, 36, 165, 1),
    (330, 7, 47.53, 5),
    (330, 17, 43.65, 6),
    (330, 27, 24, 3),
    (330, 37, 189, 2),
    (331, 1, 1164, 6),
    (331, 6, 635, 2),
    (331, 11, 1650, 1),
    (331, 20, 14.55, 5),
    (331, 25, 134.83, 6),
    (331, 30, 45, 1),
    (331, 35, 37.83, 6),
    (331, 40, 174.6, 6),
    (332, 1, 1140, 1),
    (332, 11, 1568, 2),
    (332, 21, 52, 3),
    (332, 38, 158, 1),
    (333, 7, 49, 3),
    (333, 13, 65.47, 5),
    (333, 19, 45.59, 5),
    (333, 32, 31.04, 6),
    (333, 38, 161.02, 6),
    (334, 1, 1200, 2),
    (334, 7, 47.53, 6),
    (334, 13, 67.5, 2),
    (334, 24, 66.93, 5),
    (334, 30, 43.65, 5),
    (334, 36, 160.05, 5),
    (335, 1, 1200, 2),
    (335, 11, 1600.5, 6),
    (335, 29, 34, 1),
    (335, 39, 169.75, 6),
    (336, 1, 1200, 1),
    (336, 6, 615.95, 5),
    (336, 11, 1600.5, 6),
    (336, 16, 28, 4),
    (336, 21, 55, 4),
    (336, 26, 125, 1),
    (336, 31, 22, 2),
    (336, 38, 166, 4),
    (337, 1, 1200, 2),
    (337, 19, 45.59, 5),
    (337, 29, 32.98, 5),
    (337, 39, 175, 2),
    (338, 1, 1164, 6),
    (338, 9, 33, 2),
    (338, 17, 43.65, 5),
    (338, 32, 32, 1),
    (338, 40, 174.6, 5),
    (339, 1, 1200, 4),
    (339, 6, 635, 2),
    (339, 11, 1600.5, 5),
    (339, 16, 28, 3),
    (339, 26, 125, 1),
    (339, 31, 22, 3),
    (339, 36, 165, 3),
    (340, 1, 1200, 3),
    (340, 14, 139.95, 2),
    (340, 28, 28.13, 5),
    (341, 34, 27, 3),
    (342, 1, 1200, 3),
    (342, 14, 135.75, 6),
    (342, 39, 175, 1),
    (343, 1, 1106, 6),
    (343, 14, 129, 6),
    (343, 39, 166, 3),
    (344, 5, 7.23, 6),
    (344, 11, 1650, 4),
    (344, 17, 45, 3),
    (344, 29, 32.98, 5),
    (344, 35, 39, 3),
    (345, 1, 1200, 4),
    (345, 9, 33, 1),
    (345, 17, 45, 2),
    (345, 25, 139, 4),
    (345, 36, 165, 2),
    (346, 16, 28, 4),
    (346, 21, 55, 3),
    (346, 26, 125, 3),
    (346, 31, 21.34, 5),
    (346, 36, 165, 3),
    (347, 11, 1650, 4),
    (347, 24, 69, 4),
    (347, 37, 189, 2),
    (348, 7, 49, 2),
    (348, 13, 65.47, 6),
    (348, 19, 45.59, 5),
    (348, 30, 45, 1),
    (348, 36, 160.05, 6),
    (349, 14, 139.95, 4),
    (349, 38, 166, 1),
    (350, 6, 615.95, 5),
    (351, 1, 1164, 6),
    (351, 13, 65.47, 6),
    (351, 19, 45.59, 6),
    (351, 25, 139, 3),
    (351, 31, 21.34, 5),
    (351, 37, 189, 1),
    (352, 9, 32.01, 5),
    (352, 22, 82, 3),
    (352, 35, 39, 3),
    (353, 1, 1200, 1),
    (353, 6, 615.95, 6),
    (353, 11, 1600.5, 6),
    (353, 16, 28, 4),
    (353, 21, 55, 2),
    (353, 26, 125, 4),
    (353, 35, 37.83, 6),
    (353, 40, 180, 4),
    (354, 1, 1200, 3),
    (354, 7, 49, 2),
    (354, 13, 65.47, 5),
    (354, 19, 47, 3),
    (354, 32, 32, 1),
    (354, 38, 161.02, 5),
    (355, 1, 1164, 6),
    (355, 12, 22.8, 5),
    (355, 20, 15, 2),
    (355, 28, 29, 3),
    (355, 36, 165, 3),
    (356, 2, 1800, 1),
    (356, 12, 23.5, 2),
    (356, 22, 82, 3),
    (356, 32, 32, 3),
    (357, 7, 47.53, 5),
    (357, 12, 22.8, 5),
    (357, 17, 45, 2),
    (357, 22, 82, 4),
    (357, 27, 24, 2),
    (357, 32, 31.04, 5),
    (357, 37, 189, 2),
    (358, 1, 1200, 4),
    (358, 6, 615.95, 6),
    (358, 11, 1650, 1),
    (358, 16, 28, 3),
    (358, 21, 55, 3),
    (358, 26, 125, 2),
    (358, 33, 19, 1),
    (358, 38, 161.02, 5),
    (359, 1, 1164, 5),
    (359, 6, 615.95, 5),
    (359, 11, 1600.5, 5),
    (359, 16, 27.16, 5),
    (359, 30, 43.65, 5),
    (359, 35, 39, 4),
    (359, 40, 180, 2),
    (360, 1, 1200, 3),
    (360, 6, 615.95, 5),
    (360, 11, 1600.5, 6),
    (360, 16, 28, 3),
    (360, 21, 53.35, 6),
    (360, 26, 125, 2),
    (360, 37, 189, 4),
    (362, 1, 1200, 2),
    (362, 6, 635, 4),
    (362, 11, 1600.5, 6),
    (362, 16, 28, 3),
    (362, 21, 53.35, 6),
    (362, 26, 121.25, 6),
    (362, 37, 189, 3),
    (363, 1, 1200, 3),
    (363, 6, 615.95, 5),
    (363, 11, 1650, 2),
    (363, 16, 28, 1),
    (363, 21, 55, 3),
    (363, 26, 125, 1),
    (363, 34, 27, 1),
    (363, 39, 169.75, 5),
    (364, 3, 75, 3),
    (364, 13, 67.5, 4),
    (364, 33, 19, 4),
    (365, 20, 14.55, 6),
    (365, 40, 180, 1),
    (366, 1, 1164, 6),
    (366, 6, 635, 1),
    (366, 16, 27.16, 6),
    (366, 21, 53.35, 6),
    (366, 26, 121.25, 5),
    (366, 31, 22, 4),
    (366, 36, 165, 2),
    (367, 1, 1200, 2),
    (367, 6, 635, 3),
    (367, 11, 1600.5, 5),
    (367, 16, 28, 1),
    (367, 21, 53.35, 6),
    (367, 37, 189, 3),
    (368, 1, 1140, 4),
    (368, 22, 76, 6),
    (369, 34, 27, 4),
    (370, 1, 1140, 2),
    (370, 9, 31, 2),
    (370, 17, 43, 4),
    (370, 28, 27, 5),
    (370, 36, 157, 1),
    (371, 9, 32.01, 6),
    (371, 22, 79.54, 5),
    (371, 35, 37.83, 6),
    (372, 1, 1106, 6),
    (372, 8, 46, 5),
    (372, 13, 62, 5),
    (372, 18, 165, 6),
    (372, 28, 28, 3),
    (372, 33, 18, 6),
    (372, 38, 158, 2),
    (373, 1, 1200, 1),
    (373, 6, 635, 1),
    (373, 11, 1650, 4),
    (373, 16, 28, 4),
    (373, 21, 55, 3),
    (373, 26, 121.25, 6),
    (373, 31, 22, 3),
    (373, 36, 165, 2),
    (374, 1, 1164, 5),
    (374, 12, 23.5, 4),
    (374, 22, 82, 4),
    (374, 32, 31.04, 6),
    (375, 2, 1800, 2),
    (375, 8, 50, 4),
    (375, 14, 139.95, 2),
    (375, 20, 15, 4),
    (375, 26, 125, 1),
    (375, 32, 32, 4),
    (376, 16, 28, 4),
    (376, 21, 55, 1),
    (376, 26, 121.25, 5),
    (376, 32, 31.04, 6),
    (376, 37, 189, 4),
    (377, 8, 50, 4),
    (377, 14, 139.95, 4),
    (377, 20, 14.55, 6),
    (377, 26, 121.25, 6),
    (377, 32, 31.04, 5),
    (377, 38, 166, 3),
    (378, 1, 1164, 5),
    (378, 6, 635, 2),
    (378, 13, 67.5, 4),
    (378, 18, 173.63, 5),
    (378, 28, 29, 2),
    (378, 33, 18.43, 6),
    (378, 38, 166, 1),
    (379, 1, 1140, 3),
    (379, 11, 1568, 4),
    (379, 30, 41, 6),
    (379, 40, 166, 6),
    (380, 24, 69, 3),
    (381, 1, 1200, 3),
    (381, 6, 635, 1),
    (381, 17, 45, 2),
    (381, 22, 79.54, 6),
    (381, 27, 24, 2),
    (381, 32, 32, 1),
    (381, 37, 189, 3),
    (382, 14, 133, 4),
    (383, 1, 1140, 4),
    (383, 6, 585, 5),
    (383, 11, 1568, 2),
    (383, 16, 27, 1),
    (383, 21, 52, 4),
    (383, 30, 43, 3),
    (383, 35, 37, 3),
    (383, 40, 171, 2),
    (384, 1, 1200, 2),
    (384, 39, 169.75, 5),
    (385, 1, 1200, 2),
    (385, 6, 615.95, 6),
    (385, 11, 1650, 4),
    (385, 16, 28, 4),
    (385, 21, 55, 3),
    (385, 26, 125, 1),
    (385, 32, 31.04, 6),
    (385, 37, 189, 3),
    (386, 1, 1164, 6),
    (386, 9, 33, 3),
    (386, 17, 43.65, 6),
    (386, 25, 134.83, 6),
    (386, 33, 19, 3),
    (387, 1, 1200, 4),
    (387, 6, 635, 4),
    (387, 11, 1600.5, 5),
    (387, 16, 28, 2),
    (387, 21, 55, 2),
    (387, 26, 125, 3),
    (387, 31, 22, 2),
    (387, 36, 165, 4),
    (388, 1, 1200, 3),
    (388, 9, 33, 3),
    (388, 17, 45, 2),
    (388, 25, 134.83, 6),
    (388, 33, 19, 3),
    (389, 7, 49, 4),
    (389, 17, 43.65, 5),
    (389, 27, 23.28, 5),
    (389, 37, 183.33, 5),
    (390, 1, 1140, 2),
    (390, 6, 603, 3),
    (390, 11, 1520, 5),
    (390, 16, 27, 2),
    (390, 21, 52, 4),
    (390, 26, 119, 2),
    (390, 34, 26, 4),
    (390, 39, 166, 4),
    (391, 6, 615.95, 6),
    (391, 12, 23.5, 2),
    (391, 18, 179, 1),
    (391, 24, 66.93, 5),
    (391, 30, 43.65, 6),
    (391, 36, 160.05, 6),
    (392, 1, 1140, 4),
    (392, 11, 1568, 2),
    (392, 27, 22, 6),
    (392, 37, 174, 5),
    (393, 1, 1200, 3),
    (393, 28, 29, 3),
    (394, 15, 4.99, 3),
    (394, 28, 29, 4),
    (395, 6, 615.95, 5),
    (396, 5, 7.45, 4),
    (396, 15, 4.99, 2),
    (396, 25, 139, 3),
    (396, 35, 39, 1),
    (397, 26, 125, 4),
    (398, 1, 1164, 5),
    (398, 6, 635, 4),
    (398, 11, 1650, 3),
    (398, 16, 28, 3),
    (398, 21, 55, 1),
    (398, 26, 125, 2),
    (398, 31, 22, 2),
    (398, 40, 180, 3),
    (399, 1, 1164, 6),
    (399, 6, 615.95, 6),
    (399, 11, 1650, 4),
    (399, 16, 28, 2),
    (399, 21, 55, 2),
    (399, 26, 121.25, 5),
    (399, 31, 22, 2),
    (399, 36, 165, 1),
    (400, 1, 1164, 5),
    (400, 7, 49, 4),
    (400, 13, 67.5, 3),
    (400, 19, 47, 4),
    (400, 30, 45, 1),
    (400, 36, 160.05, 5),
    (401, 16, 27.16, 5),
    (401, 21, 55, 1),
    (401, 33, 19, 1),
    (401, 38, 161.02, 5),
    (402, 1, 1140, 2),
    (402, 9, 31, 2),
    (402, 17, 43, 2),
    (402, 29, 32, 1),
    (402, 37, 180, 1),
    (403, 1, 1106, 6),
    (403, 6, 603, 3),
    (403, 11, 1520, 6),
    (403, 16, 27, 1),
    (403, 21, 52, 3),
    (403, 30, 41, 6),
    (403, 35, 36, 5),
    (403, 40, 171, 3),
    (404, 2, 1746, 5),
    (405, 1, 1164, 5),
    (405, 17, 45, 4),
    (405, 27, 24, 3),
    (405, 37, 183.33, 5),
    (406, 1, 1164, 5),
    (406, 9, 33, 2),
    (406, 22, 79.54, 5),
    (406, 30, 43.65, 6),
    (406, 38, 166, 4),
    (407, 7, 49, 1),
    (407, 27, 23.28, 6),
    (408, 30, 43.65, 6),
    (409, 1, 1164, 5),
    (409, 21, 55, 1),
    (409, 34, 27, 3),
    (410, 6, 635, 4),
    (410, 19, 47, 2),
    (410, 32, 32, 2),
    (411, 1, 1164, 6),
    (412, 10, 36, 4),
    (412, 16, 27.16, 5),
    (412, 22, 82, 1),
    (412, 28, 28.13, 6),
    (412, 34, 27, 4),
    (412, 40, 180, 3),
    (413, 22, 82, 3),
    (413, 35, 39, 4),
    (414, 1, 1200, 4),
    (414, 6, 615.95, 5),
    (414, 11, 1650, 4),
    (414, 20, 14.55, 5),
    (414, 25, 134.83, 5),
    (414, 30, 45, 2),
    (414, 35, 39, 4),
    (414, 40, 174.6, 5),
    (415, 1, 1200, 3),
    (415, 24, 66.93, 5),
    (415, 37, 183.33, 5),
    (416, 1, 1200, 3),
    (416, 7, 49, 4),
    (416, 13, 67.5, 3),
    (416, 19, 45.59, 5),
    (416, 29, 32.98, 5),
    (416, 35, 37.83, 6),
    (417, 38, 158, 1),
    (418, 1, 1200, 1),
    (418, 14, 135.75, 6),
    (418, 24, 66.93, 6),
    (418, 34, 27, 1),
    (419, 11, 1520, 5),
    (420, 1, 1200, 2),
    (420, 14, 139.95, 2),
    (420, 22, 79.54, 5),
    (420, 30, 43.65, 6),
    (420, 38, 166, 1),
    (421, 21, 53.35, 5),
    (421, 39, 175, 1),
    (422, 1, 1164, 5),
    (422, 34, 27, 3),
    (423, 1, 1200, 1),
    (423, 7, 49, 1),
    (423, 13, 65.47, 6),
    (423, 19, 47, 1),
    (423, 32, 31.04, 5),
    (423, 38, 166, 1),
    (424, 35, 37, 1),
    (425, 17, 45, 3),
    (425, 29, 34, 1),
    (425, 35, 39, 3),
    (426, 14, 139.95, 2),
    (426, 22, 82, 2),
    (426, 30, 45, 1),
    (426, 38, 161.02, 5),
    (427, 5, 7.45, 4),
    (427, 18, 179, 4),
    (427, 31, 22, 1),
    (428, 1, 1200, 1),
    (428, 15, 4.84, 5),
    (428, 20, 15, 1),
    (428, 25, 139, 3),
    (428, 30, 45, 3),
    (428, 35, 37.83, 5),
    (428, 40, 180, 2),
    (429, 37, 180, 3),
    (430, 29, 34, 3),
    (431, 1, 1140, 1),
    (431, 7, 47, 3),
    (431, 13, 64, 1),
    (431, 27, 23, 1),
    (431, 33, 18, 3),
    (431, 39, 161, 5),
    (432, 16, 28, 3),
    (432, 28, 29, 4),
    (432, 33, 19, 2),
    (432, 38, 161.02, 6),
    (433, 1, 1106, 6),
    (433, 6, 603, 3),
    (433, 16, 27, 3),
    (433, 21, 52, 1),
    (433, 26, 119, 3),
    (433, 31, 21, 4),
    (433, 36, 152, 5),
    (434, 1, 1200, 3),
    (434, 6, 615.95, 5),
    (434, 11, 1650, 1),
    (434, 16, 28, 3),
    (434, 21, 55, 2),
    (434, 26, 125, 1),
    (434, 31, 21.34, 6),
    (434, 37, 189, 3),
    (435, 12, 22, 2),
    (436, 15, 4.84, 5),
    (436, 35, 39, 4),
    (437, 1, 1200, 4),
    (437, 9, 32.01, 5),
    (437, 17, 43.65, 6),
    (437, 28, 29, 4),
    (437, 36, 165, 3),
    (438, 7, 49, 3),
    (438, 12, 23.5, 2),
    (438, 17, 45, 3),
    (438, 22, 82, 4),
    (438, 27, 23.28, 5),
    (438, 32, 32, 2),
    (438, 37, 189, 1),
    (439, 1, 1106, 5),
    (439, 25, 132, 1),
    (439, 38, 158, 3),
    (440, 1, 1200, 1),
    (440, 36, 165, 3),
    (441, 1, 1164, 6),
    (441, 6, 615.95, 5),
    (441, 11, 1600.5, 5),
    (441, 16, 27.16, 5),
    (441, 26, 125, 3),
    (441, 31, 22, 4),
    (441, 36, 165, 4),
    (442, 12, 23.5, 4),
    (442, 20, 15, 1),
    (442, 28, 29, 2),
    (442, 36, 165, 3),
    (443, 16, 28, 3),
    (443, 21, 53.35, 6),
    (443, 26, 121.25, 5),
    (443, 31, 22, 3),
    (443, 40, 174.6, 6),
    (444, 8, 50, 4),
    (444, 13, 65.47, 5),
    (444, 18, 179, 3),
    (444, 28, 29, 1),
    (444, 33, 19, 4),
    (444, 38, 161.02, 6),
    (445, 1, 1200, 2),
    (445, 11, 1600.5, 6),
    (445, 17, 45, 3),
    (445, 29, 34, 4),
    (445, 35, 39, 1),
    (446, 15, 4.99, 2),
    (446, 35, 39, 2),
    (447, 1, 1200, 4),
    (447, 9, 32.01, 5),
    (447, 24, 66.93, 5),
    (447, 32, 31.04, 6),
    (447, 40, 180, 3),
    (448, 14, 139.95, 2),
    (448, 31, 22, 1),
    (449, 1, 1106, 5),
    (449, 6, 603, 3),
    (449, 11, 1520, 5),
    (449, 16, 26, 5),
    (449, 21, 51, 5),
    (449, 26, 119, 1),
    (449, 31, 21, 4),
    (449, 36, 157, 2),
    (450, 1, 1200, 1),
    (450, 6, 635, 1),
    (450, 11, 1650, 1),
    (450, 16, 28, 3),
    (450, 21, 53.35, 5),
    (450, 26, 125, 3),
    (450, 31, 22, 1),
    (451, 21, 55, 4),
    (452, 39, 169.75, 6),
    (453, 1, 1200, 1),
    (453, 7, 49, 2),
    (453, 13, 67.5, 1),
    (453, 26, 125, 1),
    (453, 32, 32, 1),
    (453, 38, 166, 2),
    (454, 1, 1200, 1),
    (454, 15, 4.99, 4),
    (454, 28, 29, 1),
    (455, 18, 173.63, 6),
    (455, 38, 166, 4),
    (456, 26, 125, 3),
    (457, 2, 1800, 1),
    (457, 10, 36, 2),
    (457, 18, 179, 2),
    (457, 26, 125, 4),
    (457, 34, 27, 3),
    (458, 9, 33, 2),
    (458, 17, 45, 4),
    (458, 25, 139, 2),
    (458, 34, 26.19, 5),
    (459, 8, 48.5, 5),
    (459, 18, 179, 2),
    (459, 28, 29, 4),
    (459, 38, 161.02, 6),
    (460, 6, 635, 3),
    (461, 1, 1200, 1),
    (461, 13, 67.5, 2),
    (461, 21, 55, 4),
    (461, 29, 32.98, 6),
    (461, 37, 183.33, 6),
    (462, 10, 36, 1),
    (462, 30, 43.65, 5),
    (463, 21, 53.35, 6),
    (463, 34, 26.19, 6),
    (464, 11, 1650, 3),
    (464, 24, 69, 3),
    (464, 37, 189, 1),
    (465, 1, 1200, 1),
    (465, 6, 635, 4),
    (465, 11, 1650, 3),
    (465, 16, 27.16, 6),
    (465, 21, 53.35, 6),
    (465, 27, 24, 1),
    (465, 32, 32, 2),
    (465, 37, 183.33, 6),
    (466, 1, 1164, 5),
    (466, 15, 4.99, 1),
    (466, 21, 55, 2),
    (466, 27, 24, 3),
    (466, 33, 19, 4),
    (466, 39, 175, 1),
    (467, 1, 1200, 4),
    (467, 11, 1650, 3),
    (467, 33, 19, 4),
    (468, 1, 1164, 5),
    (468, 9, 32.01, 6),
    (468, 17, 45, 4),
    (468, 25, 139, 2),
    (468, 33, 19, 4),
    (469, 2, 1746, 5),
    (469, 15, 4.99, 1),
    (469, 28, 29, 2),
    (470, 7, 47.53, 5),
    (470, 15, 4.99, 3),
    (470, 31, 21.34, 5),
    (470, 39, 175, 2),
    (471, 34, 25, 5),
    (472, 1, 1164, 6),
    (472, 38, 166, 4),
    (473, 10, 33, 5),
    (473, 15, 5, 2),
    (473, 20, 14, 1),
    (473, 25, 132, 3),
    (473, 30, 43, 2),
    (473, 35, 37, 2),
    (473, 40, 166, 6),
    (474, 9, 30, 5),
    (474, 15, 5, 3),
    (474, 21, 51, 6),
    (474, 27, 23, 4),
    (474, 33, 18, 4),
    (474, 39, 166, 1),
    (475, 20, 14.55, 6),
    (475, 25, 134.83, 5),
    (475, 30, 45, 2),
    (475, 35, 39, 2),
    (475, 40, 180, 1),
    (476, 18, 179, 3),
    (476, 38, 166, 4),
    (477, 1, 1200, 4),
    (477, 7, 49, 2),
    (477, 13, 65.47, 5),
    (477, 19, 45.59, 6),
    (477, 30, 45, 3),
    (477, 36, 160.05, 6),
    (478, 9, 33, 4),
    (478, 14, 139.95, 3),
    (478, 19, 47, 1),
    (478, 24, 66.93, 5),
    (478, 29, 34, 4),
    (478, 34, 27, 4),
    (478, 39, 175, 1),
    (479, 1, 1164, 6),
    (479, 7, 49, 3),
    (479, 21, 55, 3),
    (479, 27, 24, 1),
    (479, 33, 19, 2),
    (479, 39, 175, 2),
    (480, 6, 635, 4),
    (480, 14, 135.75, 5),
    (480, 22, 82, 2),
    (480, 30, 43.65, 5),
    (480, 38, 166, 4),
    (481, 7, 49, 1),
    (481, 15, 4.99, 4),
    (481, 31, 22, 2),
    (481, 39, 175, 3),
    (482, 24, 69, 3),
    (483, 6, 615.95, 6),
    (483, 16, 28, 3),
    (483, 26, 125, 3),
    (483, 36, 165, 4),
    (485, 10, 34.92, 5),
    (485, 15, 4.99, 1),
    (485, 20, 15, 3),
    (485, 25, 134.83, 5),
    (485, 30, 45, 4),
    (485, 35, 39, 4),
    (485, 40, 174.6, 5),
    (486, 5, 7.45, 4),
    (486, 10, 36, 1),
    (486, 15, 4.84, 5),
    (486, 20, 15, 1),
    (486, 25, 139, 2),
    (486, 30, 45, 3),
    (486, 35, 39, 2),
    (486, 40, 180, 2),
    (487, 1, 1200, 2),
    (487, 16, 28, 2),
    (487, 26, 125, 1),
    (487, 36, 165, 4),
    (488, 10, 34, 1),
    (488, 30, 43, 3),
    (489, 5, 7.23, 5),
    (489, 25, 134.83, 5),
    (490, 1, 1200, 2),
    (490, 14, 139.95, 2),
    (490, 29, 34, 3),
    (491, 1, 1200, 4),
    (491, 7, 49, 2),
    (491, 22, 79.54, 5),
    (491, 28, 28.13, 5),
    (491, 34, 27, 1),
    (491, 40, 180, 1),
    (492, 1, 1200, 1),
    (492, 7, 49, 4),
    (492, 13, 67.5, 3),
    (492, 26, 125, 3),
    (492, 32, 32, 3),
    (492, 38, 161.02, 6),
    (493, 1, 1200, 3),
    (493, 30, 43.65, 6),
    (494, 34, 27, 4),
    (495, 1, 1164, 5),
    (495, 15, 4.99, 1),
    (495, 21, 53.35, 6),
    (495, 27, 23.28, 5),
    (495, 33, 19, 3),
    (495, 39, 175, 3),
    (496, 1, 1200, 1),
    (496, 14, 139.95, 3),
    (496, 36, 165, 2),
    (497, 9, 33, 2),
    (497, 14, 139.95, 4),
    (497, 19, 47, 2),
    (497, 24, 69, 2),
    (497, 29, 34, 2),
    (497, 34, 27, 4),
    (497, 39, 169.75, 5),
    (498, 1, 1164, 5),
    (498, 6, 635, 1),
    (498, 17, 45, 2),
    (498, 22, 82, 1),
    (498, 27, 24, 3),
    (498, 32, 32, 2),
    (498, 37, 183.33, 6),
    (499, 1, 1106, 6),
    (499, 11, 1520, 6),
    (499, 21, 52, 3),
    (499, 34, 25, 6),
    (500, 1, 1200, 1),
    (500, 11, 1650, 1),
    (500, 21, 55, 3),
    (500, 31, 22, 1),
    (501, 9, 33, 1),
    (501, 17, 45, 3),
    (501, 26, 125, 2),
    (501, 34, 26.19, 5),
    (502, 1, 1140, 3),
    (502, 11, 1568, 4),
    (502, 21, 51, 5),
    (502, 38, 158, 3),
    (503, 1, 1200, 2),
    (503, 9, 32.01, 5),
    (503, 21, 55, 4),
    (503, 29, 34, 3),
    (503, 37, 189, 4),
    (504, 37, 189, 1),
    (505, 1, 1140, 2),
    (505, 6, 585, 6),
    (505, 20, 14, 6),
    (505, 25, 132, 1),
    (505, 30, 43, 4),
    (505, 35, 36, 6),
    (505, 40, 171, 3),
    (506, 1, 1106, 5),
    (506, 26, 119, 3),
    (507, 9, 30, 6),
    (507, 19, 45, 1),
    (507, 29, 31, 5),
    (507, 39, 161, 5),
    (508, 1, 1164, 5),
    (508, 11, 1600.5, 6),
    (508, 30, 43.65, 5),
    (508, 40, 174.6, 6),
    (509, 1, 1200, 4),
    (509, 18, 173.63, 5),
    (509, 28, 29, 2),
    (509, 38, 166, 2),
    (510, 9, 33, 3),
    (510, 17, 43.65, 6),
    (510, 25, 139, 4),
    (510, 33, 19, 3),
    (511, 1, 1200, 3),
    (511, 11, 1650, 3),
    (511, 21, 55, 2),
    (511, 37, 183.33, 5),
    (512, 8, 48.5, 6),
    (513, 1, 1200, 4),
    (513, 6, 615.95, 5),
    (513, 15, 4.99, 2),
    (513, 20, 14.55, 5),
    (513, 25, 139, 4),
    (513, 30, 45, 3),
    (513, 35, 39, 4),
    (513, 40, 174.6, 5),
    (514, 1, 1106, 6),
    (514, 10, 34, 3),
    (514, 18, 170, 4),
    (514, 26, 115, 5),
    (514, 34, 26, 1),
    (515, 10, 36, 4),
    (515, 18, 179, 4),
    (515, 26, 125, 2),
    (515, 34, 27, 3),
    (516, 1, 1200, 3),
    (516, 13, 67.5, 2),
    (516, 33, 18.43, 6),
    (517, 5, 7.45, 1),
    (517, 10, 36, 2),
    (517, 15, 4.99, 2),
    (517, 20, 15, 4),
    (517, 25, 134.83, 6),
    (517, 30, 45, 3),
    (517, 35, 39, 3),
    (518, 9, 32.01, 5),
    (518, 29, 34, 1),
    (519, 5, 7.23, 6),
    (519, 15, 4.99, 3),
    (519, 25, 139, 1),
    (519, 35, 37.83, 6),
    (520, 1, 1200, 1),
    (520, 12, 22.8, 5),
    (520, 17, 43.65, 6),
    (520, 22, 82, 1),
    (520, 27, 24, 4),
    (520, 32, 32, 3),
    (520, 37, 183.33, 6),
    (521, 1, 1200, 2),
    (521, 31, 22, 3),
    (522, 15, 4.99, 1),
    (524, 29, 34, 4),
    (525, 3, 75, 2),
    (525, 9, 33, 3),
    (525, 15, 4.84, 6),
    (525, 21, 55, 2),
    (525, 27, 24, 4),
    (525, 33, 19, 4),
    (526, 9, 32.01, 5),
    (526, 29, 34, 2),
    (527, 7, 49, 1),
    (528, 2, 1800, 3),
    (528, 22, 82, 3),
    (529, 1, 1164, 6),
    (529, 9, 33, 2),
    (529, 17, 45, 3),
    (529, 25, 134.83, 5),
    (529, 33, 18.43, 5),
    (530, 1, 1200, 3),
    (530, 6, 635, 4),
    (530, 11, 1650, 4),
    (530, 16, 27.16, 6),
    (530, 21, 53.35, 6),
    (530, 31, 22, 2),
    (530, 36, 160.05, 6),
    (531, 1, 1200, 3),
    (531, 7, 49, 4),
    (531, 13, 65.47, 5),
    (531, 19, 45.59, 5),
    (531, 25, 139, 3),
    (531, 36, 165, 4),
    (532, 5, 7.23, 5),
    (532, 11, 1650, 4),
    (532, 17, 43.65, 6),
    (532, 29, 34, 4),
    (532, 35, 39, 4),
    (533, 1, 1140, 3),
    (533, 6, 585, 5),
    (533, 11, 1520, 5),
    (533, 16, 27, 2),
    (533, 30, 43, 2),
    (533, 35, 36, 6),
    (533, 40, 171, 1),
    (534, 5, 7, 2),
    (534, 25, 132, 4),
    (535, 1, 1200, 4),
    (535, 24, 66.93, 5),
    (535, 37, 183.33, 6),
    (536, 10, 36, 4),
    (536, 15, 4.99, 3),
    (536, 20, 15, 3),
    (536, 25, 139, 3),
    (536, 30, 43.65, 6),
    (536, 35, 39, 3),
    (536, 40, 180, 4),
    (537, 9, 32.01, 5),
    (537, 17, 45, 1),
    (537, 30, 45, 3),
    (537, 38, 166, 4),
    (538, 1, 1200, 3),
    (538, 6, 615.95, 5),
    (538, 11, 1650, 1),
    (538, 20, 15, 2),
    (538, 25, 134.83, 5),
    (538, 30, 45, 2),
    (538, 35, 37.83, 6),
    (538, 40, 180, 2),
    (539, 1, 1200, 2),
    (539, 6, 635, 4),
    (539, 11, 1650, 2),
    (539, 16, 28, 1),
    (539, 21, 53.35, 5),
    (539, 26, 125, 2),
    (539, 32, 32, 3),
    (539, 37, 189, 1),
    (540, 1, 1164, 6),
    (540, 7, 49, 3),
    (540, 13, 67.5, 1),
    (540, 29, 34, 2),
    (540, 35, 39, 4),
    (541, 1, 1106, 6),
    (541, 11, 1520, 6),
    (541, 25, 132, 4),
    (541, 35, 36, 6),
    (542, 6, 615.95, 6),
    (542, 19, 47, 1),
    (542, 32, 31.04, 5),
    (543, 24, 66.93, 5),
    (544, 1, 1200, 3),
    (544, 11, 1650, 2),
    (544, 16, 28, 1),
    (544, 21, 55, 2),
    (544, 26, 121.25, 5),
    (544, 31, 22, 1),
    (544, 36, 165, 2),
    (545, 1, 1200, 2),
    (545, 6, 635, 3),
    (545, 11, 1650, 3),
    (545, 16, 28, 4),
    (545, 21, 55, 2),
    (545, 32, 32, 3),
    (545, 37, 183.33, 5),
    (546, 17, 43.65, 5),
    (546, 37, 189, 1),
    (547, 1, 1200, 1),
    (547, 9, 33, 3),
    (547, 17, 43.65, 5),
    (547, 30, 45, 2),
    (547, 38, 166, 4),
    (548, 1, 1200, 4),
    (548, 7, 49, 3),
    (548, 13, 67.5, 4),
    (548, 27, 23.28, 5),
    (548, 33, 19, 4),
    (548, 39, 175, 4),
    (549, 28, 28.13, 5),
    (550, 10, 36, 1),
    (550, 16, 28, 2),
    (550, 22, 82, 1),
    (550, 28, 29, 1),
    (550, 34, 27, 2),
    (550, 40, 180, 3),
    (551, 9, 32.01, 5),
    (551, 14, 135.75, 6),
    (551, 19, 47, 1),
    (551, 24, 66.93, 6),
    (551, 29, 32.98, 5),
    (551, 34, 27, 4),
    (552, 1, 1164, 5),
    (552, 6, 635, 2),
    (552, 11, 1600.5, 6),
    (552, 16, 28, 4),
    (552, 27, 24, 1),
    (552, 32, 31.04, 5),
    (552, 37, 189, 3),
    (553, 1, 1200, 3),
    (553, 11, 1650, 1),
    (553, 21, 53.35, 5),
    (553, 36, 160.05, 5),
    (554, 1, 1164, 5),
    (554, 9, 32.01, 5),
    (554, 17, 45, 4),
    (554, 25, 134.83, 5),
    (554, 33, 19, 2),
    (555, 3, 72.75, 5),
    (555, 8, 50, 3),
    (555, 13, 67.5, 3),
    (555, 18, 179, 2),
    (555, 28, 29, 1),
    (555, 33, 19, 3),
    (555, 38, 166, 3),
    (556, 1, 1164, 5),
    (556, 9, 33, 4),
    (556, 17, 43.65, 5),
    (556, 28, 28.13, 6),
    (556, 36, 165, 1),
    (557, 1, 1200, 3),
    (557, 11, 1650, 2),
    (557, 16, 27.16, 5),
    (557, 21, 55, 3),
    (557, 26, 121.25, 5),
    (557, 31, 21.34, 6),
    (557, 36, 165, 3),
    (558, 1, 1164, 6),
    (558, 6, 635, 3),
    (558, 20, 15, 1),
    (558, 25, 139, 4),
    (558, 30, 43.65, 5),
    (558, 35, 39, 3),
    (558, 40, 174.6, 6),
    (559, 1, 1200, 3),
    (559, 8, 50, 4),
    (559, 13, 67.5, 2),
    (559, 18, 179, 4),
    (559, 28, 28.13, 6),
    (559, 33, 19, 4),
    (559, 38, 166, 4),
    (560, 1, 1106, 5),
    (560, 16, 26, 6),
    (560, 22, 78, 2),
    (560, 28, 28, 1),
    (560, 34, 26, 2),
    (560, 40, 171, 3),
    (561, 1, 1140, 3),
    (562, 7, 47, 3),
    (563, 1, 1200, 3),
    (563, 7, 49, 3),
    (563, 13, 67.5, 1),
    (563, 19, 47, 3),
    (563, 34, 27, 4),
    (563, 40, 180, 4),
    (564, 16, 28, 4),
    (564, 29, 34, 3),
    (565, 1, 1200, 2),
    (565, 28, 29, 1),
    (566, 10, 34.92, 5),
    (566, 16, 27.16, 6),
    (566, 22, 82, 3),
    (566, 28, 28.13, 5),
    (566, 34, 27, 3),
    (566, 40, 180, 1),
    (567, 14, 135.75, 6),
    (567, 29, 34, 2),
    (568, 29, 32.98, 6),
    (569, 1, 1200, 4),
    (569, 7, 49, 1),
    (569, 13, 67.5, 4),
    (569, 19, 47, 3),
    (569, 33, 19, 4),
    (569, 39, 169.75, 6),
    (570, 15, 4.84, 6),
    (570, 25, 134.83, 5),
    (570, 35, 39, 1),
    (571, 1, 1200, 1),
    (571, 14, 139.95, 4),
    (571, 38, 166, 4),
    (572, 15, 4.99, 4),
    (572, 21, 53.35, 6),
    (572, 27, 23.28, 5),
    (572, 33, 18.43, 5),
    (572, 39, 169.75, 5),
    (573, 5, 7.45, 2),
    (573, 11, 1600.5, 6),
    (573, 17, 43.65, 6),
    (573, 29, 34, 1),
    (573, 35, 37.83, 5),
    (574, 9, 32.01, 5),
    (575, 1, 1200, 1),
    (575, 6, 635, 3),
    (575, 11, 1600.5, 5),
    (575, 16, 28, 1),
    (575, 21, 55, 2),
    (575, 26, 125, 4),
    (575, 31, 21.34, 6),
    (575, 36, 165, 3),
    (576, 16, 28, 2),
    (577, 12, 23.5, 1),
    (577, 20, 14.55, 5),
    (577, 28, 29, 3),
    (577, 36, 165, 3),
    (578, 8, 48.5, 5),
    (578, 18, 179, 3),
    (578, 28, 29, 4),
    (578, 38, 161.02, 6),
    (579, 1, 1164, 5),
    (579, 6, 635, 3),
    (579, 11, 1650, 4),
    (579, 16, 28, 2),
    (579, 21, 55, 2),
    (579, 26, 125, 3),
    (579, 39, 175, 3),
    (580, 19, 47, 2),
    (580, 39, 169.75, 6),
    (581, 16, 28, 4),
    (581, 21, 55, 3),
    (581, 30, 45, 1),
    (581, 35, 37.83, 6),
    (581, 40, 180, 4),
    (582, 1, 1200, 1),
    (582, 6, 635, 2),
    (582, 14, 139.95, 1),
    (582, 19, 47, 4),
    (582, 24, 69, 4),
    (582, 29, 34, 3),
    (582, 34, 27, 1),
    (582, 39, 175, 3),
    (583, 7, 47.53, 6),
    (583, 13, 67.5, 1),
    (583, 19, 45.59, 6),
    (583, 33, 19, 1),
    (583, 39, 175, 4),
    (584, 1, 1200, 4),
    (584, 14, 139.95, 2),
    (584, 24, 66.93, 6),
    (584, 34, 27, 1),
    (585, 1, 1200, 1),
    (585, 18, 179, 3),
    (585, 31, 21.34, 6),
    (586, 6, 635, 2),
    (587, 21, 55, 4),
    (587, 31, 22, 2),
    (588, 9, 33, 3),
    (588, 17, 43.65, 5),
    (588, 29, 32.98, 6),
    (588, 37, 189, 4),
    (589, 10, 34.92, 6),
    (589, 36, 160.05, 6),
    (590, 1, 1164, 6),
    (590, 6, 615.95, 6),
    (590, 11, 1650, 3),
    (590, 16, 28, 4),
    (590, 30, 43.65, 5),
    (590, 35, 37.83, 5),
    (590, 40, 180, 2),
    (591, 1, 1200, 2),
    (591, 7, 49, 3),
    (591, 13, 67.5, 1),
    (591, 19, 47, 4),
    (591, 37, 189, 1),
    (592, 1, 1200, 2),
    (592, 6, 615.95, 5),
    (592, 11, 1600.5, 5),
    (592, 28, 29, 1),
    (592, 33, 18.43, 5),
    (592, 38, 161.02, 5),
    (593, 13, 67.5, 4),
    (594, 1, 1140, 4),
    (594, 9, 30, 6),
    (594, 18, 165, 5),
    (594, 26, 119, 1),
    (594, 34, 25, 6),
    (595, 19, 45.59, 6),
    (596, 16, 28, 2),
    (596, 21, 55, 4),
    (596, 26, 121.25, 5),
    (596, 32, 31.04, 5),
    (596, 37, 189, 4),
    (597, 1, 1140, 3),
    (597, 6, 585, 6),
    (597, 11, 1520, 6),
    (597, 16, 27, 1),
    (597, 25, 128, 6),
    (597, 30, 43, 4),
    (597, 35, 36, 6),
    (597, 40, 171, 2),
    (598, 1, 1200, 3),
    (598, 6, 635, 3),
    (598, 11, 1650, 1),
    (598, 22, 82, 2),
    (598, 27, 23.28, 5),
    (598, 32, 32, 2),
    (598, 37, 189, 1),
    (599, 1, 1200, 3),
    (599, 11, 1650, 1),
    (599, 35, 39, 3),
    (600, 1, 1140, 2),
    (600, 6, 603, 4),
    (600, 11, 1568, 1),
    (600, 16, 27, 3),
    (600, 21, 51, 6),
    (600, 26, 119, 4),
    (600, 31, 20, 6),
    (600, 36, 157, 2),
    (601, 12, 22.8, 6),
    (602, 11, 1520, 5),
    (603, 9, 32.01, 5),
    (603, 17, 45, 4),
    (603, 28, 28.13, 6),
    (603, 36, 165, 4),
    (604, 1, 1106, 6),
    (604, 14, 133, 2),
    (604, 27, 23, 1),
    (605, 1, 1164, 6),
    (605, 7, 49, 4),
    (605, 21, 55, 4),
    (605, 27, 24, 3),
    (605, 33, 18.43, 5),
    (605, 39, 175, 1),
    (606, 1, 1164, 6),
    (606, 14, 135.75, 6),
    (606, 33, 19, 3),
    (607, 1, 1164, 6),
    (607, 35, 39, 2),
    (608, 7, 47.53, 5),
    (608, 17, 45, 2),
    (608, 27, 23.28, 5),
    (608, 37, 189, 1),
    (609, 1, 1140, 3),
    (609, 14, 129, 5),
    (609, 22, 78, 2),
    (609, 30, 41, 6),
    (609, 38, 158, 2),
    (610, 1, 1164, 5),
    (610, 6, 615.95, 6),
    (610, 11, 1650, 3),
    (610, 16, 27.16, 5),
    (610, 29, 34, 2),
    (610, 34, 26.19, 5),
    (610, 39, 175, 1),
    (611, 1, 1200, 4),
    (611, 15, 4.99, 2),
    (611, 20, 15, 1),
    (611, 25, 139, 2),
    (611, 30, 45, 1),
    (611, 35, 39, 4),
    (611, 40, 174.6, 5),
    (612, 1, 1200, 4),
    (612, 6, 635, 1),
    (612, 19, 47, 3),
    (612, 24, 69, 4),
    (612, 29, 34, 3),
    (612, 34, 26.19, 6),
    (612, 39, 175, 1),
    (613, 21, 55, 2),
    (614, 1, 1200, 2),
    (614, 21, 53.35, 6),
    (614, 34, 27, 2),
    (615, 1, 1200, 2),
    (615, 6, 635, 3),
    (615, 11, 1650, 3),
    (615, 16, 28, 2),
    (615, 21, 55, 3),
    (615, 26, 125, 1),
    (615, 31, 22, 1),
    (615, 36, 165, 1),
    (616, 18, 179, 2),
    (616, 38, 166, 3),
    (617, 1, 1164, 6),
    (617, 6, 635, 1),
    (617, 11, 1650, 2),
    (617, 16, 28, 2),
    (617, 24, 69, 4),
    (617, 29, 34, 4),
    (617, 34, 27, 1),
    (617, 39, 175, 1),
    (618, 1, 1164, 6),
    (618, 11, 1650, 3),
    (618, 21, 53.35, 5),
    (618, 31, 22, 4),
    (619, 3, 75, 3),
    (620, 1, 1200, 2),
    (620, 6, 635, 3),
    (620, 11, 1650, 2),
    (620, 16, 28, 1),
    (620, 21, 55, 3),
    (620, 28, 29, 3),
    (620, 33, 19, 4),
    (620, 38, 161.02, 6),
    (621, 30, 45, 3),
    (622, 1, 1164, 5),
    (622, 9, 33, 3),
    (622, 22, 79.54, 6),
    (622, 30, 45, 2),
    (622, 38, 166, 3),
    (623, 13, 67.5, 3),
    (623, 33, 19, 3),
    (624, 12, 23.5, 2),
    (624, 20, 15, 3),
    (624, 28, 29, 4),
    (624, 36, 165, 2),
    (625, 1, 1106, 5),
    (625, 7, 45, 5),
    (625, 13, 64, 4),
    (625, 27, 22, 6),
    (625, 33, 18, 2),
    (625, 39, 166, 4),
    (626, 1, 1164, 5),
    (626, 27, 24, 3),
    (626, 40, 180, 4),
    (627, 1, 1200, 1),
    (627, 34, 27, 4),
    (628, 40, 174.6, 6),
    (630, 1, 1164, 6),
    (630, 11, 1650, 4),
    (630, 21, 55, 2),
    (630, 34, 26.19, 6),
    (631, 1, 1200, 4),
    (631, 7, 47.53, 6),
    (631, 13, 67.5, 1),
    (631, 19, 47, 2),
    (631, 33, 18.43, 5),
    (631, 39, 175, 3),
    (633, 1, 1200, 4),
    (633, 35, 37.83, 5),
    (634, 1, 1200, 2),
    (634, 17, 45, 3),
    (634, 27, 23.28, 6),
    (634, 37, 183.33, 5),
    (635, 8, 48.5, 5),
    (635, 14, 135.75, 6),
    (635, 20, 15, 4),
    (635, 26, 125, 1),
    (635, 32, 32, 2),
    (635, 38, 166, 4),
    (636, 1, 1200, 4),
    (636, 6, 635, 4),
    (636, 11, 1650, 1),
    (636, 16, 27.16, 6),
    (636, 21, 53.35, 5),
    (636, 26, 125, 3),
    (636, 31, 22, 1),
    (636, 36, 165, 2),
    (637, 1, 1200, 2),
    (637, 6, 615.95, 6),
    (637, 11, 1600.5, 6),
    (637, 16, 27.16, 5),
    (637, 21, 55, 3),
    (637, 29, 34, 2),
    (637, 34, 27, 4),
    (637, 39, 169.75, 5),
    (638, 8, 50, 4),
    (638, 28, 28.13, 5),
    (639, 1, 1164, 6),
    (639, 14, 139.95, 2),
    (639, 20, 15, 3),
    (639, 26, 121.25, 6),
    (639, 32, 31.04, 5),
    (639, 38, 166, 2),
    (640, 6, 635, 2),
    (640, 19, 45.59, 5),
    (640, 32, 32, 1),
    (641, 1, 1200, 1),
    (641, 11, 1600.5, 6),
    (641, 21, 55, 2),
    (641, 35, 39, 2),
    (642, 1, 1200, 2),
    (642, 9, 33, 3),
    (642, 17, 45, 1),
    (642, 29, 34, 2),
    (642, 37, 189, 2),
    (643, 1, 1200, 4),
    (643, 9, 32.01, 6),
    (643, 17, 43.65, 5),
    (643, 37, 189, 2),
    (644, 3, 75, 2),
    (644, 16, 28, 3),
    (644, 29, 32.98, 6),
    (645, 10, 34.92, 5),
    (645, 36, 165, 1),
    (646, 38, 158, 4),
    (647, 3, 75, 1),
    (647, 13, 67.5, 1),
    (647, 33, 19, 1),
    (648, 9, 33, 4),
    (649, 17, 43.65, 6),
    (649, 29, 32.98, 6),
    (649, 35, 37.83, 6),
    (650, 1, 1200, 4),
    (650, 14, 135.75, 6),
    (650, 40, 174.6, 6),
    (651, 1, 1140, 2),
    (651, 7, 47, 4),
    (651, 13, 64, 1),
    (651, 19, 45, 2),
    (651, 31, 21, 4),
    (651, 37, 180, 4),
    (652, 9, 32.01, 5),
    (652, 14, 139.95, 4),
    (652, 19, 47, 1),
    (652, 24, 69, 4),
    (652, 29, 34, 3),
    (652, 34, 27, 1),
    (652, 39, 169.75, 5),
    (653, 21, 53.35, 5),
    (653, 31, 21.34, 5),
    (654, 1, 1164, 6),
    (654, 6, 635, 1),
    (654, 11, 1650, 1),
    (654, 16, 28, 2),
    (654, 21, 53.35, 6),
    (654, 33, 18.43, 6),
    (654, 38, 161.02, 5),
    (655, 1, 1164, 5),
    (655, 9, 33, 3),
    (655, 17, 43.65, 5),
    (655, 25, 139, 2),
    (655, 36, 160.05, 5),
    (656, 7, 47.53, 5),
    (656, 17, 45, 3),
    (656, 27, 24, 2),
    (656, 37, 189, 1),
    (657, 9, 33, 2),
    (657, 22, 82, 2),
    (657, 30, 45, 1),
    (657, 38, 166, 3),
    (658, 1, 1200, 4),
    (658, 9, 33, 4),
    (658, 17, 45, 4),
    (658, 28, 29, 1),
    (658, 36, 165, 4),
    (659, 1, 1200, 2),
    (659, 21, 53.35, 6),
    (659, 34, 26.19, 5),
    (660, 1, 1200, 1),
    (660, 7, 49, 1),
    (660, 13, 67.5, 2),
    (660, 19, 45.59, 5),
    (660, 25, 139, 2),
    (660, 40, 174.6, 6),
    (661, 2, 1800, 3),
    (661, 15, 4.84, 5),
    (661, 28, 29, 1),
    (662, 1, 1140, 1),
    (662, 6, 585, 6),
    (662, 16, 27, 2),
    (662, 21, 52, 3),
    (662, 26, 119, 4),
    (662, 31, 20, 5),
    (662, 36, 157, 4),
    (663, 1, 1140, 4),
    (663, 9, 31, 2),
    (663, 17, 43, 4),
    (663, 25, 132, 1),
    (663, 33, 18, 3),
    (664, 21, 55, 2),
    (664, 38, 166, 1),
    (665, 1, 1200, 1),
    (665, 11, 1650, 4),
    (665, 21, 55, 4),
    (665, 31, 22, 1),
    (666, 2, 1800, 3),
    (666, 22, 82, 2),
    (667, 9, 32.01, 6),
    (667, 14, 139.95, 2),
    (667, 19, 45.59, 5),
    (667, 24, 66.93, 6),
    (667, 29, 34, 3),
    (667, 34, 26.19, 6),
    (668, 1, 1164, 6),
    (668, 9, 33, 1),
    (668, 19, 47, 3),
    (668, 27, 23.28, 5),
    (668, 35, 39, 1),
    (669, 1, 1106, 6),
    (669, 7, 47, 1),
    (669, 13, 64, 4),
    (669, 19, 45, 4),
    (669, 32, 30, 3),
    (669, 38, 158, 2),
    (670, 12, 22.8, 5),
    (670, 25, 134.83, 5),
    (670, 38, 161.02, 5),
    (671, 1, 1164, 6),
    (671, 6, 635, 4),
    (671, 11, 1650, 3),
    (671, 16, 28, 2),
    (671, 21, 55, 2),
    (671, 33, 18.43, 5),
    (671, 38, 166, 1),
    (672, 1, 1164, 5),
    (672, 9, 33, 1),
    (672, 17, 45, 3),
    (672, 25, 134.83, 6),
    (672, 33, 19, 2),
    (673, 6, 615.95, 5),
    (673, 19, 45.59, 6),
    (673, 32, 31.04, 5),
    (674, 1, 1140, 2),
    (674, 30, 41, 5),
    (675, 1, 1106, 5),
    (675, 9, 31, 2),
    (675, 17, 41, 5),
    (675, 25, 132, 3),
    (675, 34, 26, 3),
    (676, 1, 1200, 1),
    (676, 6, 635, 1),
    (676, 11, 1650, 2),
    (676, 16, 27.16, 5),
    (676, 21, 53.35, 6),
    (676, 32, 32, 3),
    (676, 37, 189, 3),
    (677, 1, 1200, 4),
    (677, 7, 49, 1),
    (677, 13, 67.5, 1),
    (677, 19, 45.59, 5),
    (677, 25, 139, 3),
    (677, 38, 166, 2),
    (678, 1, 1200, 2),
    (678, 6, 635, 1),
    (678, 11, 1650, 2),
    (678, 16, 28, 2),
    (678, 21, 53.35, 5),
    (678, 26, 125, 3),
    (678, 39, 175, 1),
    (679, 1, 1164, 5),
    (679, 6, 635, 3),
    (679, 11, 1650, 4),
    (679, 16, 28, 3),
    (679, 21, 55, 2),
    (679, 26, 121.25, 5),
    (679, 31, 21.34, 6),
    (679, 39, 175, 3),
    (680, 8, 48.5, 6),
    (680, 14, 139.95, 4),
    (680, 20, 15, 3),
    (680, 26, 125, 1),
    (680, 32, 32, 1),
    (680, 38, 166, 4),
    (681, 16, 28, 1),
    (681, 21, 55, 1),
    (681, 26, 121.25, 5),
    (681, 40, 180, 4),
    (682, 1, 1164, 5),
    (682, 7, 49, 2),
    (682, 12, 23.5, 3),
    (682, 17, 45, 4),
    (682, 22, 82, 2),
    (682, 27, 24, 4),
    (682, 32, 32, 4),
    (682, 37, 189, 4),
    (683, 26, 125, 3),
    (684, 1, 1200, 3),
    (684, 6, 615.95, 6),
    (684, 11, 1650, 3),
    (684, 16, 28, 2),
    (684, 21, 55, 1),
    (684, 26, 121.25, 6),
    (684, 31, 22, 2),
    (684, 36, 165, 2),
    (685, 1, 1164, 5),
    (685, 6, 615.95, 6),
    (685, 11, 1650, 3),
    (685, 16, 28, 3),
    (685, 21, 53.35, 6),
    (685, 26, 125, 1),
    (685, 37, 189, 2),
    (686, 1, 1164, 5),
    (686, 7, 47.53, 6),
    (686, 13, 65.47, 6),
    (686, 19, 47, 2),
    (686, 33, 19, 1),
    (686, 39, 175, 4),
    (687, 1, 1200, 4),
    (687, 7, 49, 4),
    (687, 13, 67.5, 4),
    (687, 29, 34, 2),
    (687, 35, 39, 4),
    (688, 1, 1200, 4),
    (688, 9, 32.01, 6),
    (688, 17, 45, 2),
    (688, 25, 134.83, 6),
    (688, 39, 169.75, 5),
    (690, 1, 1140, 4),
    (690, 11, 1568, 1),
    (690, 21, 52, 2),
    (690, 31, 21, 1),
    (691, 1, 1164, 5),
    (691, 6, 615.95, 6),
    (691, 11, 1650, 2),
    (691, 18, 179, 3),
    (691, 28, 28.13, 5),
    (691, 33, 19, 3),
    (691, 38, 161.02, 6),
    (692, 9, 33, 4),
    (692, 29, 32.98, 5),
    (693, 1, 1200, 4),
    (693, 11, 1650, 3),
    (693, 21, 55, 3),
    (693, 31, 22, 1),
    (694, 1, 1200, 1),
    (694, 7, 49, 4),
    (694, 13, 67.5, 1),
    (694, 19, 47, 2),
    (694, 34, 27, 1),
    (694, 40, 174.6, 5),
    (695, 1, 1164, 6),
    (695, 24, 69, 2),
    (696, 1, 1164, 6),
    (696, 6, 635, 2),
    (696, 11, 1650, 3),
    (696, 20, 14.55, 6),
    (696, 25, 139, 2),
    (696, 30, 43.65, 6),
    (696, 35, 37.83, 6),
    (696, 40, 174.6, 6),
    (697, 1, 1200, 3),
    (697, 20, 15, 2),
    (697, 33, 19, 3),
    (698, 9, 33, 2),
    (698, 17, 45, 1),
    (698, 25, 134.83, 6),
    (698, 40, 180, 2),
    (699, 9, 33, 1),
    (699, 19, 45.59, 5),
    (699, 29, 34, 2),
    (699, 39, 175, 1),
    (700, 1, 1200, 3),
    (700, 28, 29, 2),
    (701, 19, 45.59, 5),
    (701, 29, 32.98, 5),
    (701, 39, 175, 3),
    (702, 1, 1200, 4),
    (702, 6, 635, 1),
    (702, 16, 27.16, 6),
    (702, 21, 55, 3),
    (702, 26, 125, 4),
    (702, 31, 22, 2),
    (702, 36, 165, 4),
    (703, 20, 15, 2),
    (703, 40, 180, 3),
    (704, 1, 1200, 1),
    (704, 21, 53.35, 5),
    (705, 21, 53.35, 6),
    (705, 36, 165, 2),
    (706, 8, 48, 3),
    (706, 18, 165, 6),
    (706, 28, 27, 6),
    (706, 38, 153, 6),
    (707, 25, 139, 4),
    (708, 1, 1200, 1),
    (708, 6, 635, 3),
    (708, 13, 65.47, 5),
    (708, 18, 179, 1),
    (708, 28, 28.13, 5),
    (708, 33, 18.43, 6),
    (708, 38, 161.02, 6),
    (709, 7, 49, 1),
    (709, 12, 23.5, 1),
    (709, 17, 43.65, 6),
    (709, 22, 82, 3),
    (709, 27, 24, 3),
    (709, 32, 32, 2),
    (709, 37, 183.33, 5),
    (710, 1, 1164, 6),
    (710, 9, 33, 2),
    (710, 17, 45, 2),
    (710, 25, 139, 1),
    (710, 33, 19, 2),
    (711, 1, 1200, 1),
    (711, 6, 615.95, 5),
    (711, 14, 139.95, 3),
    (711, 19, 45.59, 5),
    (711, 24, 69, 2),
    (711, 29, 34, 3),
    (711, 34, 27, 2),
    (711, 39, 169.75, 5),
    (712, 1, 1200, 3),
    (712, 9, 33, 2),
    (712, 17, 43.65, 6),
    (712, 25, 139, 2),
    (712, 35, 39, 1),
    (713, 25, 134.83, 6),
    (714, 1, 1164, 6),
    (714, 6, 635, 3),
    (714, 11, 1650, 2),
    (714, 16, 28, 3),
    (714, 21, 55, 1),
    (714, 26, 125, 2),
    (714, 31, 21.34, 6),
    (714, 37, 189, 1),
    (715, 1, 1200, 1),
    (715, 7, 49, 2),
    (715, 13, 65.47, 5),
    (715, 19, 47, 4),
    (715, 25, 139, 3),
    (715, 37, 183.33, 6),
    (716, 17, 43, 2),
    (716, 37, 180, 4),
    (717, 1, 1200, 3),
    (717, 7, 47.53, 5),
    (717, 13, 67.5, 4),
    (717, 19, 45.59, 5),
    (717, 29, 32.98, 5),
    (717, 35, 37.83, 5),
    (718, 12, 22.8, 6),
    (718, 25, 134.83, 5),
    (718, 38, 166, 1),
    (719, 1, 1200, 1),
    (719, 22, 79.54, 6),
    (719, 35, 39, 4),
    (720, 9, 33, 4),
    (720, 22, 79.54, 6),
    (720, 35, 37.83, 6),
    (721, 9, 32.01, 5),
    (721, 17, 43.65, 6),
    (721, 25, 139, 3),
    (721, 37, 183.33, 5),
    (722, 1, 1106, 5),
    (722, 11, 1520, 5),
    (722, 33, 18, 5),
    (723, 9, 33, 4),
    (723, 21, 53.35, 6),
    (723, 29, 34, 2),
    (723, 37, 189, 4),
    (724, 1, 1140, 4),
    (724, 9, 31, 1),
    (724, 18, 170, 2),
    (724, 26, 119, 1),
    (724, 34, 26, 3),
    (725, 1, 1164, 5),
    (725, 21, 53.35, 5),
    (726, 3, 75, 2),
    (726, 8, 48.5, 5),
    (726, 13, 65.47, 6),
    (726, 18, 179, 1),
    (726, 28, 28.13, 5),
    (726, 33, 19, 1),
    (727, 1, 1140, 1),
    (727, 6, 603, 4),
    (727, 11, 1568, 2),
    (727, 16, 27, 1),
    (727, 21, 52, 4),
    (727, 34, 25, 6),
    (727, 39, 161, 6),
    (728, 9, 33, 3),
    (728, 22, 82, 1),
    (728, 35, 39, 1),
    (729, 1, 1164, 6),
    (729, 14, 135.75, 5),
    (729, 40, 180, 2),
    (730, 1, 1200, 4),
    (730, 9, 32.01, 5),
    (730, 17, 43.65, 6),
    (730, 35, 39, 4),
    (731, 1, 1164, 5),
    (731, 13, 67.5, 1),
    (731, 19, 47, 1),
    (731, 25, 139, 4),
    (731, 31, 22, 4),
    (731, 37, 189, 3),
    (732, 18, 179, 2),
    (732, 28, 29, 2),
    (732, 33, 19, 1),
    (732, 38, 166, 3),
    (733, 8, 50, 1),
    (733, 16, 27.16, 5),
    (733, 24, 69, 1),
    (733, 32, 32, 3),
    (733, 40, 180, 4),
    (734, 1, 1140, 4),
    (735, 1, 1200, 2),
    (735, 7, 49, 4),
    (735, 13, 67.5, 1),
    (735, 19, 47, 4),
    (735, 34, 27, 2),
    (735, 40, 180, 4),
    (736, 17, 43.65, 6),
    (736, 27, 24, 4),
    (736, 37, 183.33, 5),
    (737, 30, 43.65, 6),
    (738, 1, 1140, 2),
    (738, 11, 1520, 6),
    (738, 21, 52, 4),
    (738, 34, 25, 6),
    (739, 26, 121.25, 5),
    (740, 1, 1164, 6),
    (740, 6, 615.95, 5),
    (740, 11, 1650, 4),
    (740, 16, 28, 2),
    (740, 28, 29, 2),
    (740, 33, 18.43, 5),
    (740, 38, 166, 4),
    (741, 2, 1800, 4),
    (741, 8, 48.5, 5),
    (741, 14, 139.95, 1),
    (741, 20, 15, 1),
    (741, 26, 121.25, 5),
    (741, 32, 32, 2),
    (742, 5, 7.45, 1),
    (742, 13, 65.47, 6),
    (742, 21, 55, 2),
    (742, 29, 32.98, 5),
    (742, 37, 183.33, 5),
    (743, 1, 1200, 3),
    (743, 11, 1600.5, 5),
    (743, 25, 139, 4),
    (743, 35, 39, 3),
    (744, 1, 1164, 6),
    (744, 6, 635, 3),
    (744, 11, 1650, 3),
    (744, 16, 28, 1),
    (744, 21, 55, 2),
    (744, 26, 121.25, 6),
    (744, 31, 22, 1),
    (744, 38, 166, 4),
    (745, 1, 1200, 4),
    (745, 6, 635, 3),
    (745, 11, 1650, 2),
    (745, 19, 47, 3),
    (745, 24, 69, 3),
    (745, 29, 32.98, 6),
    (745, 34, 27, 3),
    (745, 39, 175, 3),
    (746, 1, 1200, 3),
    (746, 7, 49, 4),
    (746, 13, 65.47, 6),
    (746, 26, 125, 3),
    (746, 32, 32, 4),
    (746, 38, 161.02, 5),
    (747, 1, 1106, 6),
    (747, 7, 45, 5),
    (747, 13, 62, 5),
    (747, 19, 45, 2),
    (747, 25, 128, 5),
    (747, 35, 37, 2),
    (748, 5, 7.45, 4),
    (748, 13, 65.47, 6),
    (748, 21, 53.35, 6),
    (748, 29, 32.98, 5),
    (748, 37, 189, 4),
    (749, 8, 50, 4),
    (750, 1, 1200, 1),
    (750, 6, 635, 2),
    (750, 15, 4.99, 4),
    (750, 20, 15, 3),
    (750, 25, 139, 4),
    (750, 30, 45, 4),
    (750, 35, 37.83, 5),
    (750, 40, 180, 1),
    (751, 1, 1106, 6),
    (751, 9, 31, 4),
    (751, 17, 41, 5),
    (751, 32, 30, 3),
    (751, 40, 171, 1),
    (752, 1, 1200, 2),
    (752, 6, 635, 1),
    (752, 11, 1650, 2),
    (752, 16, 28, 1),
    (752, 21, 55, 3),
    (752, 26, 125, 3),
    (752, 34, 27, 3),
    (752, 39, 169.75, 6),
    (754, 38, 166, 3),
    (755, 6, 615.95, 5),
    (755, 11, 1650, 1),
    (755, 16, 27.16, 5),
    (755, 21, 53.35, 6),
    (755, 26, 121.25, 6),
    (755, 31, 21.34, 5),
    (755, 36, 160.05, 5),
    (756, 1, 1200, 1),
    (756, 26, 125, 2),
    (756, 39, 175, 2),
    (757, 1, 1200, 4),
    (757, 6, 635, 2),
    (757, 11, 1650, 4),
    (757, 16, 27.16, 5),
    (757, 21, 55, 1),
    (757, 35, 39, 1),
    (757, 40, 180, 4),
    (758, 28, 28.13, 6),
    (759, 8, 48, 4),
    (759, 21, 52, 2),
    (759, 34, 25, 6),
    (760, 1, 1200, 1),
    (760, 6, 635, 1),
    (760, 11, 1600.5, 5),
    (760, 21, 53.35, 6),
    (760, 26, 125, 4),
    (760, 31, 22, 3),
    (760, 36, 160.05, 6),
    (761, 1, 1140, 1),
    (761, 7, 45, 6),
    (761, 13, 62, 5),
    (761, 19, 45, 2),
    (761, 25, 132, 2),
    (761, 38, 153, 5),
    (762, 1, 1164, 5),
    (762, 6, 635, 4),
    (762, 11, 1600.5, 6),
    (762, 16, 28, 4),
    (762, 21, 55, 2),
    (762, 26, 125, 4),
    (762, 31, 22, 2),
    (762, 36, 160.05, 6),
    (763, 1, 1200, 3),
    (763, 36, 165, 1),
    (764, 13, 65.47, 5),
    (764, 33, 19, 4),
    (765, 1, 1140, 4),
    (765, 9, 31, 1),
    (765, 17, 41, 6),
    (765, 25, 132, 2),
    (765, 33, 18, 5),
    (766, 1, 1164, 5),
    (766, 36, 165, 1),
    (767, 1, 1140, 4),
    (767, 7, 45, 5),
    (767, 13, 64, 3),
    (767, 19, 45, 2),
    (767, 25, 132, 1),
    (767, 39, 166, 4),
    (768, 17, 45, 3),
    (769, 1, 1164, 6),
    (769, 6, 615.95, 5),
    (769, 11, 1650, 4),
    (769, 16, 27.16, 6),
    (769, 21, 55, 1),
    (769, 26, 121.25, 5),
    (769, 31, 21.34, 5),
    (769, 36, 165, 1),
    (770, 10, 36, 4),
    (771, 1, 1106, 6),
    (771, 33, 18, 2),
    (772, 1, 1200, 1),
    (772, 11, 1600.5, 6),
    (772, 26, 125, 4),
    (772, 36, 165, 1),
    (773, 24, 66.93, 6),
    (774, 1, 1200, 2),
    (774, 9, 33, 3),
    (774, 19, 47, 4),
    (774, 27, 24, 2),
    (774, 35, 39, 4),
    (775, 3, 75, 3),
    (775, 9, 33, 1),
    (775, 15, 4.99, 4),
    (775, 21, 53.35, 6),
    (775, 27, 23.28, 6),
    (775, 33, 19, 4),
    (776, 1, 1106, 6),
    (776, 11, 1520, 5),
    (776, 21, 52, 4),
    (776, 36, 157, 1),
    (777, 1, 1200, 1),
    (777, 18, 179, 3),
    (777, 28, 29, 4),
    (777, 38, 166, 1),
    (778, 14, 129, 6),
    (778, 27, 22, 6),
    (778, 40, 171, 2),
    (779, 9, 33, 1),
    (779, 14, 135.75, 5),
    (779, 19, 47, 2),
    (779, 24, 69, 2),
    (779, 29, 34, 2),
    (779, 34, 27, 1),
    (779, 39, 175, 2),
    (780, 5, 7.45, 1),
    (780, 10, 34.92, 5),
    (780, 15, 4.99, 1),
    (780, 20, 15, 3),
    (780, 25, 139, 2),
    (780, 30, 43.65, 6),
    (780, 35, 37.83, 5),
    (780, 40, 174.6, 6),
    (781, 1, 1200, 3),
    (781, 9, 33, 2),
    (781, 17, 45, 2),
    (781, 25, 139, 2),
    (781, 36, 160.05, 6),
    (782, 39, 161, 5),
    (783, 2, 1800, 3),
    (783, 10, 34.92, 6),
    (783, 18, 173.63, 5),
    (783, 26, 125, 4),
    (783, 34, 27, 3),
    (784, 1, 1164, 5),
    (784, 14, 139.95, 4),
    (784, 38, 166, 1),
    (785, 1, 1164, 6),
    (785, 14, 139.95, 4),
    (785, 35, 39, 3),
    (786, 16, 28, 3),
    (786, 21, 55, 4),
    (786, 35, 39, 1),
    (786, 40, 174.6, 5),
    (787, 1, 1200, 2),
    (787, 6, 615.95, 6),
    (787, 11, 1650, 4),
    (787, 16, 27.16, 5),
    (787, 21, 55, 2),
    (787, 27, 24, 1),
    (787, 32, 31.04, 5),
    (787, 37, 189, 4),
    (788, 1, 1200, 2),
    (788, 11, 1650, 1),
    (788, 21, 55, 3),
    (788, 35, 39, 3),
    (789, 1, 1200, 3),
    (789, 17, 45, 4),
    (789, 27, 24, 3),
    (789, 37, 183.33, 6),
    (790, 1, 1200, 4),
    (790, 7, 49, 1),
    (790, 13, 67.5, 2),
    (790, 19, 45.59, 6),
    (790, 25, 139, 3),
    (790, 40, 180, 3),
    (791, 1, 1140, 2),
    (791, 14, 129, 6),
    (791, 40, 171, 4),
    (792, 1, 1200, 4),
    (792, 35, 37.83, 6),
    (793, 9, 33, 2),
    (793, 22, 79.54, 5),
    (793, 35, 39, 4),
    (794, 1, 1106, 5),
    (794, 26, 119, 4),
    (794, 39, 166, 3),
    (795, 1, 1200, 1),
    (795, 22, 82, 4),
    (795, 35, 37.83, 6),
    (796, 1, 1200, 4),
    (796, 14, 135.75, 6),
    (796, 34, 27, 3),
    (797, 1, 1200, 3),
    (797, 6, 635, 4),
    (797, 11, 1650, 2),
    (797, 16, 27.16, 5),
    (797, 21, 55, 4),
    (797, 26, 125, 3),
    (797, 31, 22, 2),
    (797, 36, 165, 2),
    (798, 7, 47.53, 5),
    (798, 13, 67.5, 2),
    (798, 29, 32.98, 5),
    (798, 35, 39, 1),
    (799, 1, 1200, 1),
    (799, 7, 49, 1),
    (799, 13, 65.47, 6),
    (799, 19, 47, 4),
    (799, 30, 45, 4),
    (799, 36, 160.05, 6),
    (800, 1, 1200, 2),
    (800, 17, 43.65, 6),
    (800, 27, 24, 1),
    (800, 37, 189, 4),
    (801, 1, 1200, 4),
    (801, 16, 27.16, 6),
    (801, 22, 79.54, 6),
    (801, 28, 28.13, 6),
    (801, 34, 26.19, 6),
    (801, 40, 180, 4),
    (802, 9, 33, 1),
    (802, 29, 34, 1),
    (803, 18, 179, 3),
    (803, 38, 161.02, 5),
    (804, 5, 7.45, 3),
    (804, 11, 1600.5, 5),
    (804, 17, 43.65, 5),
    (804, 29, 34, 1),
    (804, 35, 39, 1),
    (805, 1, 1164, 6),
    (805, 14, 139.95, 3),
    (805, 30, 45, 2),
    (806, 1, 1200, 4),
    (806, 9, 33, 2),
    (806, 17, 43.65, 6),
    (806, 31, 21.34, 5),
    (806, 39, 175, 3),
    (807, 1, 1140, 4),
    (807, 11, 1568, 2),
    (807, 24, 64, 5),
    (807, 34, 25, 6),
    (808, 9, 33, 3),
    (808, 22, 82, 4),
    (808, 35, 39, 3),
    (809, 1, 1200, 2),
    (809, 7, 49, 1),
    (809, 17, 45, 2),
    (809, 29, 34, 1),
    (809, 35, 37.83, 5),
    (810, 15, 4.99, 3),
    (810, 25, 139, 2),
    (810, 35, 39, 3),
    (811, 16, 27.16, 6),
    (811, 36, 160.05, 6),
    (812, 1, 1164, 5),
    (812, 17, 45, 3),
    (812, 27, 23.28, 5),
    (812, 37, 189, 1),
    (813, 1, 1164, 5),
    (813, 6, 635, 1),
    (813, 11, 1650, 4),
    (813, 16, 28, 2),
    (813, 21, 53.35, 6),
    (813, 26, 125, 3),
    (813, 31, 22, 2),
    (813, 36, 165, 3),
    (814, 9, 33, 1),
    (815, 6, 615.95, 5),
    (815, 11, 1650, 4),
    (815, 16, 28, 2),
    (815, 21, 53.35, 6),
    (815, 26, 125, 3),
    (815, 31, 21.34, 5),
    (815, 36, 165, 4),
    (817, 16, 28, 2),
    (817, 25, 139, 4),
    (817, 30, 43.65, 6),
    (817, 35, 39, 3),
    (817, 40, 180, 3),
    (818, 1, 1200, 2),
    (818, 9, 33, 2),
    (818, 17, 43.65, 6),
    (818, 37, 189, 4),
    (819, 1, 1200, 1),
    (819, 6, 635, 3),
    (819, 11, 1650, 3),
    (819, 16, 27.16, 5),
    (819, 21, 55, 2),
    (819, 26, 121.25, 6),
    (819, 40, 180, 1),
    (820, 24, 66.93, 6),
    (821, 1, 1200, 3),
    (821, 31, 22, 4),
    (822, 1, 1200, 1),
    (822, 9, 32.01, 6),
    (822, 17, 45, 2),
    (822, 25, 139, 4),
    (822, 33, 19, 3),
    (823, 29, 34, 2),
    (824, 1, 1106, 5),
    (824, 22, 76, 5),
    (825, 1, 1140, 1),
    (825, 24, 64, 6),
    (825, 37, 180, 2),
    (826, 1, 1200, 4),
    (826, 7, 49, 3),
    (826, 13, 65.47, 6),
    (826, 19, 45.59, 5),
    (826, 25, 139, 2),
    (826, 31, 21.34, 6),
    (827, 5, 7.45, 2),
    (827, 13, 67.5, 2),
    (827, 21, 55, 4),
    (827, 29, 34, 1),
    (827, 37, 189, 4),
    (828, 1, 1200, 4),
    (828, 7, 49, 4),
    (828, 13, 65.47, 5),
    (828, 19, 47, 2),
    (828, 25, 139, 4),
    (828, 40, 180, 2),
    (829, 1, 1200, 2),
    (829, 7, 47.53, 5),
    (829, 13, 67.5, 3),
    (829, 19, 47, 3),
    (829, 32, 32, 4),
    (829, 38, 166, 3),
    (830, 1, 1200, 3),
    (830, 37, 183.33, 5),
    (831, 1, 1200, 4),
    (831, 16, 28, 4),
    (831, 29, 34, 3),
    (832, 39, 175, 1),
    (833, 1, 1200, 2),
    (833, 9, 33, 2),
    (833, 17, 45, 4),
    (833, 27, 23.28, 5),
    (833, 35, 39, 1),
    (834, 7, 47.53, 6),
    (834, 12, 23.5, 3),
    (834, 17, 43.65, 6),
    (834, 22, 82, 3),
    (834, 27, 24, 4),
    (834, 32, 31.04, 6),
    (834, 37, 189, 4),
    (835, 1, 1164, 6),
    (835, 19, 45.59, 5),
    (835, 32, 31.04, 6),
    (836, 6, 615.95, 6),
    (836, 16, 27.16, 6),
    (836, 26, 125, 3),
    (836, 36, 165, 2),
    (837, 1, 1164, 6),
    (837, 11, 1600.5, 6),
    (837, 21, 53.35, 6),
    (837, 35, 37.83, 5),
    (838, 1, 1200, 1),
    (838, 6, 635, 3),
    (838, 11, 1600.5, 6),
    (838, 16, 28, 3),
    (838, 28, 29, 4),
    (838, 33, 19, 1),
    (838, 38, 166, 4),
    (839, 1, 1164, 6),
    (839, 9, 33, 2),
    (839, 21, 55, 3),
    (839, 29, 34, 1),
    (839, 37, 189, 1),
    (840, 13, 67.5, 4),
    (840, 26, 125, 3),
    (840, 39, 175, 2),
    (841, 1, 1140, 4),
    (841, 6, 603, 4),
    (841, 11, 1568, 2),
    (841, 16, 27, 3),
    (841, 22, 78, 4),
    (841, 27, 23, 3),
    (841, 32, 29, 6),
    (841, 37, 180, 1),
    (842, 1, 1200, 2),
    (842, 26, 121.25, 6),
    (843, 1, 1200, 2),
    (843, 24, 69, 3),
    (844, 1, 1200, 3),
    (844, 11, 1650, 2),
    (844, 21, 53.35, 5),
    (844, 34, 27, 4),
    (845, 18, 179, 4),
    (846, 5, 7.23, 6),
    (846, 13, 67.5, 1),
    (846, 21, 55, 3),
    (846, 29, 34, 4),
    (846, 37, 189, 4),
    (847, 1, 1164, 5),
    (847, 6, 635, 4),
    (847, 11, 1650, 3),
    (847, 16, 28, 4),
    (847, 21, 55, 4),
    (847, 35, 39, 1),
    (847, 40, 180, 3),
    (848, 1, 1200, 2),
    (848, 9, 33, 4),
    (848, 17, 45, 1),
    (848, 29, 34, 4),
    (848, 37, 189, 1),
    (849, 1, 1164, 6),
    (849, 27, 23.28, 6),
    (850, 16, 28, 1),
    (850, 21, 53.35, 5),
    (850, 34, 27, 1),
    (850, 39, 175, 3),
    (851, 9, 33, 4),
    (851, 14, 139.95, 3),
    (851, 19, 47, 1),
    (851, 24, 66.93, 5),
    (851, 29, 32.98, 5),
    (851, 34, 27, 2),
    (851, 39, 175, 2),
    (852, 1, 1200, 2),
    (852, 6, 615.95, 5),
    (852, 11, 1600.5, 5),
    (852, 16, 28, 1),
    (852, 21, 55, 4),
    (852, 26, 125, 3),
    (852, 40, 174.6, 6),
    (853, 1, 1164, 5),
    (853, 6, 615.95, 6),
    (853, 11, 1650, 2),
    (853, 16, 28, 3),
    (853, 21, 55, 3),
    (853, 31, 21.34, 5),
    (853, 36, 160.05, 5),
    (854, 2, 1746, 5),
    (855, 35, 39, 3),
    (856, 1, 1200, 2),
    (856, 7, 49, 1),
    (856, 13, 65.47, 5),
    (856, 19, 47, 4),
    (856, 34, 26.19, 5),
    (856, 40, 180, 3),
    (857, 25, 132, 1),
    (858, 1, 1200, 1),
    (858, 19, 47, 2),
    (858, 29, 34, 1),
    (858, 39, 169.75, 6),
    (859, 6, 603, 4),
    (859, 19, 45, 1),
    (859, 32, 29, 6),
    (860, 7, 49, 1),
    (860, 13, 67.5, 1),
    (860, 19, 47, 3),
    (860, 25, 139, 1),
    (860, 35, 37.83, 5),
    (861, 1, 1164, 5),
    (861, 12, 23.5, 4),
    (861, 17, 45, 4),
    (861, 22, 79.54, 6),
    (861, 27, 23.28, 5),
    (861, 32, 32, 2),
    (861, 37, 189, 2),
    (862, 2, 1746, 6),
    (862, 12, 22.8, 5),
    (862, 22, 82, 2),
    (862, 32, 32, 2),
    (863, 1, 1106, 5),
    (864, 1, 1200, 2),
    (864, 6, 615.95, 6),
    (864, 11, 1650, 1),
    (864, 16, 28, 1),
    (864, 21, 53.35, 6),
    (864, 26, 125, 4),
    (864, 31, 22, 2),
    (864, 37, 189, 3),
    (865, 1, 1200, 2),
    (865, 6, 635, 4),
    (865, 11, 1650, 3),
    (865, 16, 28, 1),
    (865, 21, 55, 3),
    (865, 26, 121.25, 6),
    (865, 31, 22, 3),
    (865, 38, 166, 4),
    (866, 25, 134.83, 5),
    (867, 1, 1140, 2),
    (867, 9, 30, 6),
    (867, 17, 43, 3),
    (867, 25, 128, 5),
    (867, 39, 166, 2),
    (868, 7, 49, 1),
    (868, 17, 43.65, 5),
    (868, 27, 24, 2),
    (868, 37, 183.33, 5),
    (869, 1, 1200, 2),
    (869, 38, 166, 2),
    (870, 1, 1164, 6),
    (870, 11, 1600.5, 6),
    (870, 19, 45.59, 5),
    (870, 27, 24, 4),
    (870, 35, 37.83, 6),
    (871, 1, 1164, 5),
    (871, 15, 4.99, 4),
    (871, 31, 22, 1),
    (871, 39, 175, 3),
    (872, 1, 1140, 2),
    (872, 6, 603, 3),
    (872, 11, 1520, 5),
    (872, 16, 26, 6),
    (872, 21, 52, 4),
    (872, 26, 115, 6),
    (872, 33, 18, 2),
    (872, 38, 158, 3),
    (873, 1, 1200, 3),
    (873, 11, 1650, 2),
    (873, 24, 69, 2),
    (873, 34, 26.19, 5),
    (874, 1, 1200, 3),
    (874, 18, 173.63, 6),
    (874, 28, 29, 4),
    (874, 38, 166, 3),
    (875, 16, 27, 2),
    (875, 36, 157, 3),
    (876, 12, 23.5, 1),
    (876, 25, 139, 4),
    (876, 38, 166, 2),
    (877, 24, 66, 2),
    (878, 1, 1164, 5),
    (878, 14, 139.95, 3),
    (878, 33, 19, 3),
    (879, 1, 1164, 5),
    (879, 11, 1600.5, 6),
    (879, 21, 55, 3),
    (879, 34, 26.19, 6),
    (880, 1, 1140, 4),
    (880, 33, 18, 4),
    (881, 1, 1140, 1),
    (881, 14, 133, 3),
    (881, 19, 45, 4),
    (881, 24, 64, 6),
    (881, 29, 31, 6),
    (881, 34, 26, 1),
    (881, 39, 166, 2),
    (882, 1, 1200, 3),
    (882, 15, 4.84, 5),
    (882, 31, 22, 3),
    (882, 39, 175, 3),
    (883, 1, 1164, 6),
    (883, 7, 49, 3),
    (883, 13, 67.5, 4),
    (883, 19, 47, 1),
    (883, 32, 32, 1),
    (883, 38, 166, 1),
    (884, 1, 1200, 2),
    (885, 13, 67.5, 2),
    (885, 33, 19, 2),
    (886, 9, 32.01, 6),
    (886, 14, 135.75, 5),
    (886, 19, 47, 3),
    (886, 24, 66.93, 6),
    (886, 29, 32.98, 6),
    (886, 34, 27, 1),
    (886, 39, 169.75, 5),
    (887, 16, 28, 4),
    (887, 21, 55, 3),
    (887, 26, 125, 1),
    (887, 31, 22, 2),
    (887, 40, 174.6, 6),
    (888, 1, 1164, 6),
    (888, 12, 23.5, 2),
    (888, 20, 15, 2),
    (888, 28, 28.13, 6),
    (888, 36, 165, 3),
    (889, 29, 34, 4),
    (890, 38, 166, 2),
    (891, 1, 1106, 5),
    (891, 6, 603, 2),
    (891, 11, 1568, 1),
    (891, 16, 27, 1),
    (891, 21, 52, 3),
    (891, 26, 115, 6),
    (891, 31, 21, 4),
    (891, 36, 157, 1),
    (892, 35, 39, 4),
    (893, 9, 33, 1),
    (893, 22, 82, 4),
    (893, 35, 37.83, 5),
    (894, 1, 1200, 3),
    (894, 38, 166, 2),
    (895, 1, 1200, 2),
    (895, 6, 615.95, 6),
    (895, 11, 1600.5, 6),
    (895, 28, 28.13, 5),
    (895, 33, 19, 3),
    (895, 38, 166, 1),
    (896, 1, 1106, 5),
    (896, 9, 31, 1),
    (896, 17, 43, 4),
    (896, 29, 32, 1),
    (896, 37, 180, 3),
    (897, 10, 36, 1),
    (897, 16, 27.16, 5),
    (897, 22, 79.54, 6),
    (897, 28, 29, 2),
    (897, 34, 27, 2),
    (897, 40, 174.6, 6),
    (898, 26, 121.25, 6),
    (899, 1, 1200, 3),
    (899, 14, 139.95, 4),
    (899, 19, 45.59, 5),
    (899, 24, 69, 4),
    (899, 29, 34, 3),
    (899, 34, 26.19, 5),
    (899, 39, 175, 1),
    (900, 1, 1200, 1),
    (900, 11, 1650, 3),
    (900, 21, 53.35, 6),
    (900, 31, 21.34, 5),
    (901, 1, 1200, 2),
    (901, 9, 33, 1),
    (901, 31, 22, 2),
    (901, 39, 175, 4),
    (902, 2, 1710, 4),
    (902, 22, 76, 5),
    (903, 1, 1200, 3),
    (903, 9, 32.01, 6),
    (903, 17, 43.65, 5),
    (903, 25, 134.83, 5),
    (903, 40, 180, 3),
    (904, 1, 1164, 6),
    (904, 9, 33, 4),
    (904, 17, 45, 1),
    (904, 30, 45, 4),
    (904, 38, 166, 2),
    (905, 1, 1200, 2),
    (905, 10, 36, 4),
    (905, 15, 4.99, 4),
    (905, 20, 14.55, 6),
    (905, 25, 134.83, 5),
    (905, 30, 45, 3),
    (905, 35, 37.83, 5),
    (905, 40, 180, 4),
    (906, 1, 1200, 2),
    (906, 7, 49, 1),
    (906, 13, 67.5, 4),
    (906, 19, 47, 4),
    (906, 25, 139, 1),
    (906, 39, 175, 2),
    (907, 9, 33, 3),
    (907, 22, 79.54, 6),
    (907, 35, 39, 1),
    (908, 1, 1140, 1),
    (908, 19, 43, 5),
    (908, 32, 30, 1),
    (909, 1, 1200, 1),
    (909, 11, 1650, 4),
    (909, 21, 55, 1),
    (909, 33, 18.43, 5),
    (910, 1, 1200, 1),
    (910, 6, 615.95, 5),
    (910, 11, 1650, 3),
    (910, 16, 27.16, 5),
    (910, 21, 53.35, 6),
    (910, 26, 121.25, 5),
    (910, 31, 22, 2),
    (910, 36, 165, 2),
    (911, 14, 135.75, 5),
    (911, 34, 27, 1),
    (912, 1, 1106, 5),
    (912, 7, 47, 4),
    (912, 22, 78, 2),
    (912, 28, 28, 4),
    (912, 34, 26, 3),
    (912, 40, 171, 4),
    (913, 1, 1140, 2),
    (913, 28, 27, 5),
    (914, 21, 55, 1),
    (915, 16, 27, 1),
    (916, 7, 47, 1),
    (916, 13, 62, 5),
    (916, 19, 43, 5),
    (916, 25, 128, 6),
    (916, 31, 21, 1),
    (916, 37, 180, 2),
    (917, 1, 1200, 4),
    (917, 9, 33, 1),
    (917, 17, 43.65, 6),
    (917, 25, 134.83, 5),
    (917, 35, 39, 1),
    (918, 36, 157, 4),
    (919, 1, 1200, 1),
    (919, 6, 615.95, 5),
    (919, 11, 1650, 1),
    (919, 22, 82, 2),
    (919, 27, 23.28, 5),
    (919, 32, 31.04, 6),
    (919, 37, 183.33, 6),
    (920, 5, 7.23, 5),
    (921, 1, 1200, 4),
    (921, 11, 1650, 1),
    (921, 21, 55, 2),
    (921, 31, 22, 1),
    (922, 1, 1164, 5),
    (922, 9, 33, 4),
    (922, 17, 45, 3),
    (922, 25, 139, 2),
    (922, 33, 18.43, 6),
    (923, 5, 7.45, 2),
    (923, 10, 34.92, 6),
    (923, 15, 4.99, 2),
    (923, 20, 15, 4),
    (923, 25, 139, 4),
    (923, 30, 43.65, 6),
    (923, 35, 39, 3),
    (924, 1, 1200, 3),
    (924, 39, 175, 1),
    (925, 6, 603, 2),
    (925, 12, 22, 6),
    (925, 18, 170, 4),
    (925, 24, 64, 6),
    (925, 30, 41, 5),
    (925, 36, 157, 1),
    (926, 1, 1200, 4),
    (926, 6, 635, 4),
    (926, 20, 15, 2),
    (926, 25, 134.83, 6),
    (926, 30, 45, 2),
    (926, 35, 37.83, 5),
    (926, 40, 180, 1),
    (927, 8, 50, 1),
    (927, 16, 27.16, 6),
    (927, 24, 66.93, 5),
    (927, 32, 32, 1),
    (927, 40, 174.6, 5),
    (928, 7, 45, 6),
    (928, 17, 41, 5),
    (928, 27, 23, 1),
    (928, 37, 174, 5),
    (929, 1, 1200, 3),
    (929, 14, 139.95, 1),
    (929, 36, 160.05, 6),
    (930, 20, 15, 1),
    (931, 20, 15, 3),
    (931, 40, 180, 1),
    (932, 1, 1200, 1),
    (932, 17, 45, 2),
    (932, 30, 45, 4),
    (933, 1, 1164, 6),
    (933, 27, 24, 2),
    (934, 7, 49, 2),
    (934, 15, 4.84, 6),
    (934, 31, 22, 4),
    (934, 39, 175, 4),
    (935, 1, 1200, 3),
    (935, 11, 1650, 1),
    (935, 22, 82, 2),
    (935, 32, 32, 3),
    (936, 1, 1106, 5),
    (936, 9, 31, 4),
    (936, 20, 14, 1),
    (936, 28, 28, 2),
    (936, 36, 157, 1),
    (937, 1, 1164, 6),
    (937, 7, 49, 3),
    (937, 13, 67.5, 1),
    (937, 19, 47, 1),
    (937, 31, 22, 3),
    (937, 37, 189, 1),
    (938, 1, 1164, 5),
    (938, 7, 49, 3),
    (938, 13, 67.5, 2),
    (938, 19, 45.59, 6),
    (938, 31, 22, 4),
    (939, 6, 635, 1),
    (939, 14, 139.95, 2),
    (939, 22, 79.54, 5),
    (939, 30, 43.65, 6),
    (939, 38, 166, 2),
    (940, 1, 1200, 2),
    (940, 6, 635, 2),
    (940, 11, 1650, 4),
    (940, 16, 28, 4),
    (940, 21, 55, 2),
    (940, 26, 121.25, 5),
    (940, 34, 26.19, 6),
    (940, 39, 169.75, 6),
    (941, 1, 1200, 2),
    (941, 6, 635, 1),
    (941, 11, 1650, 2),
    (941, 16, 28, 2),
    (941, 29, 34, 3),
    (941, 34, 27, 2),
    (941, 39, 169.75, 5),
    (942, 1, 1200, 2),
    (942, 14, 135.75, 6),
    (942, 38, 166, 4),
    (943, 1, 1200, 1),
    (943, 9, 33, 1),
    (943, 17, 45, 1),
    (943, 26, 121.25, 6),
    (943, 34, 27, 2),
    (944, 1, 1164, 6),
    (944, 9, 33, 3),
    (944, 17, 43.65, 6),
    (944, 32, 32, 2),
    (944, 40, 180, 2);

INSERT INTO product_vendors
    (product_number, vendor_id, wholesale_price, days_to_deliver)
VALUES
    (1, 4, 804, 6),
    (1, 9, 854.22, 7),
    (2, 6, 1269, 9),
    (2, 9, 1477.81, 7),
    (3, 7, 54.19, 10),
    (3, 9, 57.27, 6),
    (4, 6, 44.22, 10),
    (4, 9, 41.62, 14),
    (5, 7, 5.38, 10),
    (5, 9, 5.87, 9),
    (6, 2, 403.22, 3),
    (6, 9, 448.73, 7),
    (7, 2, 31.12, 3),
    (8, 8, 39.32, 10),
    (8, 9, 37.88, 14),
    (9, 3, 21.53, 4),
    (10, 2, 22.86, 3),
    (11, 3, 1076.62, 4),
    (11, 9, 1178.65, 7),
    (12, 1, 14.51, 2),
    (12, 6, 15.44, 10),
    (12, 9, 15.02, 14),
    (13, 1, 41.68, 2),
    (13, 6, 43.99, 10),
    (13, 9, 43.77, 14),
    (14, 6, 98.66, 9),
    (14, 9, 101.22, 14),
    (15, 4, 3.34, 6),
    (15, 6, 3.79, 10),
    (15, 9, 3.88, 14),
    (16, 4, 18.76, 6),
    (16, 6, 19.33, 10),
    (16, 9, 19.33, 14),
    (17, 1, 27.79, 2),
    (17, 6, 28.55, 10),
    (17, 9, 28.55, 14),
    (18, 2, 113.66, 3),
    (19, 2, 29.84, 3),
    (20, 7, 10.84, 10),
    (20, 9, 11.54, 6),
    (21, 7, 39.74, 10),
    (21, 9, 41.5, 9),
    (22, 10, 63.55, 15),
    (23, 6, 69.54, 15),
    (23, 9, 64.39, 14),
    (24, 6, 55.91, 15),
    (24, 7, 53.88, 10),
    (24, 9, 52.27, 14),
    (25, 9, 105.29, 14),
    (25, 10, 101.58, 15),
    (26, 3, 81.56, 4),
    (26, 6, 79.88, 15),
    (27, 3, 15.66, 4),
    (27, 6, 16.88, 10),
    (27, 9, 15.88, 14),
    (28, 3, 18.92, 4),
    (28, 6, 20.56, 10),
    (28, 9, 19.04, 14),
    (29, 5, 23.38, 8),
    (29, 6, 24.44, 10),
    (29, 9, 23.99, 14),
    (30, 8, 33.3, 12),
    (30, 9, 35.32, 8),
    (30, 10, 32.87, 15),
    (31, 7, 15.85, 15),
    (31, 8, 16.28, 12),
    (31, 9, 16.93, 7),
    (31, 10, 16.9, 9),
    (32, 6, 24.77, 15),
    (32, 7, 24.12, 10),
    (32, 8, 23.68, 12),
    (33, 6, 15.23, 15),
    (33, 8, 14.06, 12),
    (34, 6, 19.04, 9),
    (34, 9, 23.86, 3),
    (34, 10, 19.32, 10),
    (35, 6, 27.49, 9),
    (35, 9, 28.22, 6),
    (36, 6, 122.88, 10),
    (36, 7, 119.21, 10),
    (36, 9, 122.78, 14),
    (37, 2, 120.02, 3),
    (37, 6, 125.99, 10),
    (37, 9, 124.89, 14),
    (38, 9, 136.98, 6),
    (38, 10, 128.65, 15),
    (39, 6, 137.55, 7),
    (39, 7, 126.44, 10),
    (40, 6, 154.87, 10),
    (40, 9, 136.35, 14);
