\c entertainment_agency_modify;

INSERT INTO customers
    (customer_id, cust_first_name, cust_last_name, cust_street_address,
   cust_city, cust_state, cust_zip_code, cust_phone_number)
VALUES
    (10001, 'Doris', 'Hartwig', '4726 - 11th ave. N.E.',
   'Seattle', 'WA', '98105', '555-2671'),
    (10002, 'Deb', 'Waldal', '908 W. capital way',
   'Tacoma', 'WA', '98413', '555-2496'),
    (10003, 'Peter', 'Brehm', '722 moss bay blvd.',
   'Kirkland', 'WA', '98033', '555-2501'),
    (10004, 'Dean', 'Mc_crae', '4110 old redmond rd.',
   'Redmond', 'WA', '98052', '555-2506'),
    (10005, 'Elizabeth', 'Hallmark', 'Route 2, box 203_b',
   'Auburn', 'WA', '98002', '555-2521'),
    (10006, 'Matt', 'Berg', '908 W. capital way',
   'Tacoma', 'WA', '98413', '555-2581'),
    (10007, 'Liz', 'Keyser', '13920 S.E. 40th street',
   'Bellevue', 'WA', '98006', '555-2556'),
    (10008, 'Darren', 'Gehring', '2601 seaview lane',
   'Kirkland', 'WA', '98033', '555-2616'),
    (10009, 'Sarah', 'Thompson', '2222 springer road',
   'Bellevue', 'WA', '98006', '555-2626'),
    (10010, 'Zachary', 'Ehrlich', '12330 kingman drive',
   'Kirkland', 'WA', '98033', '555-2721'),
    (10011, 'Joyce', 'Bonnicksen', '2424 thames drive',
   'Bellevue', 'WA', '98006', '555-2726'),
    (10012, 'Kerry', 'Patterson', '777 fenexet blvd',
   'Redmond', 'WA', '98052', '555-0399'),
    (10013, 'Estella', 'Pundt', '2500 rosales lane',
   'Bellevue', 'WA', '98006', '555-9938'),
    (10014, 'Mark', 'Rosales', '323 advocate lane',
   'Bellevue', 'WA', '98006', '555-2286'),
    (10015, 'Carol', 'Viescas', '754 fourth ave',
   'Seattle', 'WA', '98115', '555-2296');

INSERT INTO entertainers
    (entertainer_id, ent_stage_name, ent_ssn, ent_street_address,
   ent_city, ent_state, ent_zip_code, ent_phone_number, ent_web_page,
   ent_email_address, date_entered, ent_price_per_day)
VALUES
    (1001, 'Carol peacock trio', '888-90-1121',
   '4110 old redmond rd.', 'Redmond', 'WA', '98052',
   '555-2691', 'www.cptrio.com', 'carolp@cptrio.com',
   '1997-05-24', 175),
    (1002, 'Topazz', '888-50-1061', '16 maple lane',
   'Auburn', 'WA', '98002', '555-2591', 'www.topazz.com',
   NULL, '1996-02-14', 120),
    (1003, 'JV & the deep six', '888-18-1013',
   '15127 NE 24th, #383', 'Redmond', 'WA', '98052',
   '555-2511', 'www.jvd6.com', 'jv@myspring.com', '1998-03-18',
   275),
    (1004, 'Jim glynn', '888-26-1025', '13920 S.E. 40th street',
   'Bellevue', 'WA', '98009', '555-2531', NULL, NULL,
   '1996-04-01', 60),
    (1005, 'Jazz persuasion', '888-30-1031', '233 west valley hwy',
   'Bellevue', 'WA', '98005', '555-2541', 'www.jazzper.com',
   NULL, '1997-05-12', 125),
    (1006, 'Modern dance', '888-66-1085', 'Route 2, box 203_b',
   'Woodinville', 'WA', '98072', '555-2631', 'www.moderndance.com',
   'mikeh@moderndance.com', '1995-05-16', 250),
    (1007, 'Coldwater cattle company', '888-38-1043',
   '4726 - 11th ave. N.E.', 'Seattle', 'WA', '98105',
   '555-2561', 'www.coldwatercows.com', NULL, '1995-11-30',
   275),
    (1008, 'Country feeling', '888-98-1133', 'PO box 223311',
   'Seattle', 'WA', '98125', '555-2711', NULL, NULL,
   '1996-02-28', 280),
    (1009, 'Katherine ehrlich', '888-61-1103',
   '777 fenexet blvd', 'Woodinville', 'WA', '98072',
   '555-0399', NULL, 'ke@mzo.com', '1998-09-13', 145),
    (1010, 'Saturday revue', '888-64-1109', '3887 easy street',
   'Seattle', 'WA', '98125', '555-0039', 'www.satrevue.com',
   'edz@coolness.com', '1995-01-20', 250),
    (1011, 'Julia schnebly', '888-65-1111', '2343 harmony lane',
   'Seattle', 'WA', '99837', '555-9936', NULL, NULL,
   '1996-04-12', 90),
    (1012, 'Susan mc_lain', '888-70-1121', '511 lenora ave',
   'Bellevue', 'WA', '98006', '555-2301', 'www.greensleeves.com',
   'susan@gs.com', '1998-10-12', 75),
    (1013, 'Caroline coie cuartet', '888-71-1123',
   '298 forest lane', 'Auburn', 'WA', '98002', '555-2306',
   NULL, 'carolinec@willow.com', '1997-07-11', 250);

INSERT INTO agents
    (agent_id, agt_first_name, agt_last_name, agt_street_address,
   agt_city, agt_state, agt_zip_code, agt_phone_number, date_hired,
   salary, commission_rate)
VALUES
    (1, 'William', 'Thompson', '122 spring river drive',
   'Redmond', 'WA', '98053', '555-2681', '1997-05-15',
   35000, 0.04),
    (2, 'Scott', 'Bishop', '66 spring valley drive',
   'Seattle', 'WA', '98125', '555-2666', '1998-02-05',
   27000, 0.04),
    (3, 'Carol', 'Viescas', '667 red river road',
   'Bellevue', 'WA', '98006', '555-2571', '1997-11-19',
   30000, 0.05),
    (4, 'Karen', 'Smith', '30301 - 166th ave. N.E.',
   'Seattle', 'WA', '98125', '555-2551', '1998-03-05',
   22000, 0.055),
    (5, 'Marianne', 'Wier', '908 W. capital way',
   'Tacoma', 'WA', '98413', '555-2606', '1998-02-02',
   24500, 0.045),
    (6, 'John', 'Kennedy', '16679 NE 41st court',
   'Seattle', 'WA', '98125', '555-2621', '1997-05-15',
   33000, 0.06),
    (7, 'Caleb', 'Viescas', '4501 wetland road',
   'Redmond', 'WA', '98052', '555-0037', '1998-02-16',
   22100, 0.035),
    (8, 'Maria', 'Patterson', '3445 cheyenne road',
   'Bellevue', 'WA', '98006', '555-2291', '1997-09-03',
   30000, 0.04),
    (9, 'Daffy', 'Dumbwit', '1234 main street',
   'Kirkland', 'WA', '98033', '555-1234', '2000-02-05',
   50, 0.01);

INSERT INTO engagements
    (engagement_number, start_date, end_date, start_time,
   stop_time, contract_price, customer_id, agent_id, entertainer_id)
VALUES
    (2, '2012-09-01', '2012-09-05', '13:00:00',
   '15:00:00', 200, 10006, 4, 1004),
    (3, '2012-09-10', '2012-09-15', '13:00:00',
   '15:00:00', 590, 10001, 3, 1005),
    (4, '2012-09-11', '2012-09-17', '20:00:00',
   '00:00:00', 470, 10007, 3, 1004),
    (5, '2012-09-11', '2012-09-14', '16:00:00',
   '19:00:00', 1130, 10006, 5, 1003),
    (6, '2012-09-10', '2012-09-14', '15:00:00',
   '21:00:00', 2300, 10014, 7, 1008),
    (7, '2012-09-11', '2012-09-18', '17:00:00',
   '20:00:00', 770, 10004, 4, 1002),
    (8, '2012-09-18', '2012-09-25', '20:00:00',
   '23:00:00', 1850, 10006, 3, 1007),
    (9, '2012-09-18', '2012-09-28', '19:00:00',
   '21:00:00', 1370, 10010, 2, 1010),
    (10, '2012-09-17', '2012-09-26', '13:00:00',
   '17:00:00', 3650, 10005, 3, 1003),
    (11, '2012-09-15', '2012-09-16', '18:00:00',
   '00:00:00', 950, 10005, 4, 1008),
    (12, '2012-09-18', '2012-09-26', '18:00:00',
   '22:00:00', 1670, 10014, 8, 1001),
    (13, '2012-09-17', '2012-09-20', '20:00:00',
   '23:00:00', 770, 10003, 1, 1006),
    (14, '2012-09-24', '2012-09-29', '16:00:00',
   '22:00:00', 2750, 10001, 1, 1008),
    (15, '2012-09-24', '2012-09-29', '17:00:00',
   '19:00:00', 770, 10007, 1, 1013),
    (16, '2012-10-02', '2012-10-06', '20:00:00',
   '01:00:00', 1550, 10010, 5, 1013),
    (17, '2012-09-29', '2012-10-02', '18:00:00',
   '20:00:00', 530, 10002, 8, 1010),
    (19, '2012-09-29', '2012-10-05', '20:00:00',
   '23:00:00', 365, 10009, 8, 1004),
    (21, '2012-09-30', '2012-10-03', '12:00:00',
   '16:00:00', 1490, 10005, 1, 1003),
    (22, '2012-09-30', '2012-10-05', '12:00:00',
   '15:00:00', 590, 10004, 5, 1002),
    (23, '2012-09-30', '2012-09-30', '20:00:00',
   '00:00:00', 290, 10012, 4, 1013),
    (24, '2012-10-01', '2012-10-07', '12:00:00',
   '18:00:00', 1940, 10001, 4, 1001),
    (26, '2012-10-09', '2012-10-14', '17:00:00',
   '22:00:00', 950, 10001, 6, 1002),
    (27, '2012-10-07', '2012-10-12', '12:00:00',
   '16:00:00', 2210, 10015, 7, 1003),
    (28, '2012-10-06', '2012-10-15', '17:00:00',
   '22:00:00', 3800, 10003, 4, 1007),
    (30, '2012-10-06', '2012-10-08', '17:00:00',
   '22:00:00', 275, 10009, 5, 1011),
    (31, '2012-10-07', '2012-10-16', '16:00:00',
   '20:00:00', 2450, 10002, 8, 1010),
    (32, '2012-10-07', '2012-10-16', '13:00:00',
   '15:00:00', 1250, 10010, 7, 1013),
    (34, '2012-10-14', '2012-10-20', '16:00:00',
   '18:00:00', 680, 10004, 8, 1005),
    (35, '2012-10-14', '2012-10-15', '19:00:00',
   '23:00:00', 410, 10005, 8, 1001),
    (36, '2012-10-13', '2012-10-23', '18:00:00',
   '22:00:00', 710, 10014, 3, 1011),
    (37, '2012-10-13', '2012-10-19', '14:00:00',
   '19:00:00', 2675, 10006, 3, 1008),
    (38, '2012-10-14', '2012-10-18', '14:00:00',
   '20:00:00', 1850, 10013, 4, 1006),
    (41, '2012-10-20', '2012-10-28', '18:00:00',
   '21:00:00', 860, 10013, 3, 1002),
    (42, '2012-10-20', '2012-10-26', '17:00:00',
   '22:00:00', 2150, 10002, 1, 1013),
    (43, '2012-10-21', '2012-10-21', '14:00:00',
   '16:00:00', 140, 10001, 8, 1001),
    (44, '2012-10-22', '2012-10-26', '14:00:00',
   '19:00:00', 1925, 10006, 3, 1008),
    (45, '2012-10-21', '2012-10-28', '14:00:00',
   '18:00:00', 530, 10015, 1, 1012),
    (46, '2012-10-28', '2012-11-05', '15:00:00',
   '17:00:00', 1400, 10009, 4, 1008),
    (48, '2012-11-05', '2012-11-06', '16:00:00',
   '22:00:00', 950, 10002, 1, 1007),
    (49, '2012-11-13', '2012-11-19', '12:00:00',
   '14:00:00', 680, 10014, 5, 1001),
    (51, '2012-11-13', '2012-11-14', '20:00:00',
   '01:00:00', 650, 10013, 3, 1013),
    (52, '2012-11-13', '2012-11-14', '16:00:00',
   '21:00:00', 650, 10010, 3, 1006),
    (53, '2012-11-11', '2012-11-12', '17:00:00',
   '19:00:00', 350, 10002, 5, 1007),
    (55, '2012-11-19', '2012-11-26', '20:00:00',
   '02:00:00', 770, 10002, 3, 1011),
    (56, '2012-11-25', '2012-11-28', '14:00:00',
   '19:00:00', 1550, 10010, 3, 1007),
    (58, '2012-12-01', '2012-12-04', '17:00:00',
   '23:00:00', 770, 10001, 2, 1002),
    (59, '2012-12-01', '2012-12-04', '15:00:00',
   '19:00:00', 290, 10004, 6, 1012),
    (60, '2012-12-02', '2012-12-04', '13:00:00',
   '17:00:00', 230, 10010, 8, 1004),
    (61, '2012-12-03', '2012-12-10', '17:00:00',
   '20:00:00', 410, 10015, 8, 1011),
    (62, '2012-12-09', '2012-12-10', '20:00:00',
   '01:00:00', 500, 10003, 2, 1005),
    (63, '2012-12-18', '2012-12-21', '14:00:00',
   '16:00:00', 650, 10009, 3, 1008),
    (64, '2012-12-25', '2013-01-03', '14:00:00',
   '16:00:00', 1250, 10007, 3, 1013),
    (66, '2012-12-22', '2012-12-29', '20:00:00',
   '02:00:00', 2930, 10005, 5, 1006),
    (68, '2012-12-24', '2012-12-29', '16:00:00',
   '22:00:00', 1670, 10009, 1, 1005),
    (69, '2012-12-22', '2012-12-23', '15:00:00',
   '18:00:00', 500, 10004, 7, 1008),
    (70, '2012-12-23', '2012-12-26', '13:00:00',
   '15:00:00', 410, 10010, 6, 1001),
    (71, '2012-12-22', '2012-12-27', '14:00:00',
   '17:00:00', 1670, 10002, 1, 1003),
    (72, '2012-12-22', '2013-01-01', '20:00:00',
   '01:00:00', 875, 10012, 4, 1011),
    (73, '2012-12-29', '2013-01-07', '19:00:00',
   '22:00:00', 1400, 10014, 5, 1001),
    (74, '2013-01-01', '2013-01-06', '13:00:00',
   '15:00:00', 590, 10004, 1, 1005),
    (75, '2013-01-01', '2013-01-11', '17:00:00',
   '20:00:00', 2525, 10001, 7, 1007),
    (76, '2012-12-30', '2013-01-03', '16:00:00',
   '22:00:00', 500, 10005, 7, 1012),
    (77, '2012-12-30', '2013-01-04', '17:00:00',
   '20:00:00', 1670, 10015, 5, 1003),
    (78, '2013-01-01', '2013-01-03', '16:00:00',
   '20:00:00', 770, 10010, 4, 1010),
    (79, '2012-12-30', '2013-01-03', '12:00:00',
   '17:00:00', 1550, 10006, 8, 1006),
    (80, '2012-12-31', '2013-01-01', '17:00:00',
   '21:00:00', 650, 10002, 5, 1008),
    (81, '2013-01-01', '2013-01-09', '13:00:00',
   '17:00:00', 1130, 10013, 4, 1002),
    (82, '2013-01-08', '2013-01-09', '20:00:00',
   '01:00:00', 950, 10014, 8, 1003),
    (83, '2013-01-06', '2013-01-10', '13:00:00',
   '15:00:00', 650, 10010, 2, 1006),
    (84, '2013-01-06', '2013-01-11', '17:00:00',
   '19:00:00', 230, 10007, 3, 1012),
    (85, '2013-01-06', '2013-01-08', '14:00:00',
   '19:00:00', 1175, 10015, 4, 1008),
    (87, '2013-01-04', '2013-01-06', '16:00:00',
   '19:00:00', 275, 10007, 6, 1008),
    (88, '2013-01-07', '2013-01-17', '12:00:00',
   '14:00:00', 1370, 10004, 8, 1013),
    (89, '2013-01-06', '2013-01-07', '14:00:00',
   '16:00:00', 290, 10003, 8, 1010),
    (90, '2013-01-08', '2013-01-08', '20:00:00',
   '02:00:00', 320, 10006, 5, 1001),
    (91, '2013-01-05', '2013-01-12', '13:00:00',
   '19:00:00', 770, 10009, 3, 1004),
    (92, '2013-01-12', '2013-01-16', '19:00:00',
   '00:00:00', 1925, 10012, 6, 1008),
    (95, '2013-01-15', '2013-01-18', '20:00:00',
   '01:00:00', 1550, 10010, 6, 1007),
    (96, '2013-01-22', '2013-01-31', '15:00:00',
   '17:00:00', 950, 10009, 6, 1005),
    (97, '2013-01-19', '2013-01-19', '17:00:00',
   '21:00:00', 110, 10012, 8, 1004),
    (98, '2013-01-20', '2013-01-27', '20:00:00',
   '02:00:00', 2930, 10012, 2, 1010),
    (99, '2013-01-22', '2013-02-22', '14:00:00',
   '20:00:00', 14105, 10005, 6, 1008),
    (100, '2013-01-19', '2013-01-23', '12:00:00',
   '18:00:00', 1850, 10015, 3, 1006),
    (101, '2013-01-22', '2013-01-30', '14:00:00',
   '18:00:00', 1670, 10004, 5, 1001),
    (102, '2013-01-22', '2013-01-31', '12:00:00',
   '15:00:00', 2300, 10013, 5, 1007),
    (103, '2013-01-21', '2013-01-27', '12:00:00',
   '17:00:00', 575, 10010, 4, 1011),
    (104, '2013-01-28', '2013-02-01', '13:00:00',
   '16:00:00', 1400, 10010, 6, 1003),
    (105, '2013-01-27', '2013-02-01', '12:00:00',
   '17:00:00', 1850, 10002, 4, 1013),
    (106, '2013-01-29', '2013-02-01', '15:00:00',
   '18:00:00', 770, 10003, 6, 1006),
    (107, '2013-01-29', '2013-01-30', '16:00:00',
   '21:00:00', 200, 10007, 4, 1004),
    (108, '2013-02-02', '2013-02-04', '18:00:00',
   '00:00:00', 320, 10004, 5, 1012),
    (109, '2013-02-11', '2013-02-15', '13:00:00',
   '19:00:00', 1850, 10014, 5, 1010),
    (110, '2013-02-11', '2013-02-19', '15:00:00',
   '19:00:00', 1670, 10006, 8, 1001),
    (111, '2013-02-12', '2013-02-14', '15:00:00',
   '18:00:00', 185, 10012, 1, 1004),
    (112, '2013-02-19', '2013-02-24', '18:00:00',
   '22:00:00', 410, 10015, 7, 1011),
    (114, '2013-02-19', '2013-02-28', '12:00:00',
   '17:00:00', 1550, 10005, 1, 1002),
    (115, '2013-02-19', '2013-02-22', '12:00:00',
   '18:00:00', 1490, 10007, 5, 1013),
    (116, '2013-02-16', '2013-02-25', '14:00:00',
   '19:00:00', 800, 10003, 6, 1012),
    (118, '2013-02-18', '2013-02-18', '19:00:00',
   '00:00:00', 350, 10014, 1, 1010),
    (119, '2013-02-19', '2013-02-28', '18:00:00',
   '21:00:00', 500, 10012, 2, 1004),
    (120, '2013-02-17', '2013-02-20', '20:00:00',
   '23:00:00', 950, 10002, 7, 1008),
    (121, '2013-02-16', '2013-02-22', '17:00:00',
   '23:00:00', 2570, 10004, 3, 1006),
    (122, '2013-02-24', '2013-02-27', '15:00:00',
   '19:00:00', 1010, 10014, 5, 1010),
    (123, '2013-02-25', '2013-02-28', '16:00:00',
   '20:00:00', 770, 10013, 1, 1001),
    (124, '2013-02-23', '2013-03-02', '14:00:00',
   '17:00:00', 1850, 10006, 1, 1008),
    (125, '2013-02-23', '2013-02-28', '13:00:00',
   '15:00:00', 1130, 10001, 3, 1003),
    (126, '2013-02-24', '2013-03-03', '18:00:00',
   '20:00:00', 1010, 10009, 6, 1006),
    (127, '2013-02-24', '2013-02-28', '20:00:00',
   '22:00:00', 500, 10010, 4, 1005),
    (128, '2013-02-26', '2013-02-28', '19:00:00',
   '01:00:00', 320, 10003, 4, 1011),
    (129, '2013-02-24', '2013-03-05', '17:00:00',
   '21:00:00', 2450, 10004, 5, 1013),
    (131, '2013-03-03', '2013-03-12', '15:00:00',
   '17:00:00', 1850, 10014, 1, 1003);

INSERT INTO members
    (member_id, mbr_first_name, mbr_last_name, mbr_phone_number,
   gender)
VALUES
    (101, 'David', 'Hamilton', '555-2701', 'M'),
    (102, 'Suzanne', 'Viescas', '555-2686', 'F'),
    (103, 'Gary', 'Hallmark', '555-2676', 'M'),
    (104, 'Jeffrey', 'Smith', '555-2596', 'M'),
    (105, 'Robert', 'Brown', '555-2491', 'M'),
    (106, 'Mariya', 'Sergienko', '555-2526', 'F'),
    (107, 'Sara', 'Sheskey', '555-2566', 'F'),
    (108, 'Rachel', 'Patterson', '555-2546', 'F'),
    (109, 'David', 'Viescas', '555-2661', 'M'),
    (110, 'Manuela', 'Seidel', '555-2641', 'F'),
    (111, 'Kathryn', 'Patterson', '555-2651',
   'F'),
    (112, 'Kendra', 'Bonnicksen', '555-2716',
   'F'),
    (113, 'Steve', 'Pundt', '555-9938', 'M'),
    (114, 'George', 'Chavez', '555-9930', 'M'),
    (115, 'Joe', 'Rosales III', '555-2281', 'M'),
    (116, 'Angel', 'Kennedy', '555-2311', 'M'),
    (117, 'Luke', 'Patterson', '555-2316', 'M'),
    (118, 'Janice', 'Galvin', '555-2691', 'F'),
    (119, 'John', 'Viescas', '555-2511', 'M'),
    (120, 'Michael', 'Hernandez', '555-2711',
   'M'),
    (121, 'Katherine', 'Ehrlich', '555-0399',
   'F'),
    (122, 'Julia', 'Schnebly', '555-9936', 'F'),
    (123, 'Susan', 'Mc_lain', '555-2301', 'F'),
    (124, 'Caroline', 'Coie', '555-2306', 'F'),
    (125, 'Jim', 'Glynn', '555-2531', NULL);

INSERT INTO entertainer_members
    (entertainer_id, member_id, status)
VALUES
    (1001, 106, 1),
    (1001, 107, 1),
    (1001, 118, 2),
    (1002, 120, 2),
    (1002, 121, 1),
    (1003, 102, 1),
    (1003, 103, 1),
    (1003, 104, 1),
    (1003, 109, 1),
    (1003, 117, 1),
    (1003, 119, 2),
    (1004, 125, 2),
    (1005, 116, 1),
    (1005, 120, 2),
    (1005, 121, 1),
    (1006, 104, 1),
    (1006, 113, 1),
    (1006, 118, 1),
    (1006, 120, 2),
    (1007, 101, 1),
    (1007, 102, 1),
    (1007, 105, 1),
    (1007, 107, 2),
    (1007, 110, 1),
    (1008, 103, 1),
    (1008, 105, 1),
    (1008, 111, 1),
    (1008, 114, 2),
    (1008, 115, 1),
    (1009, 121, 2),
    (1010, 108, 1),
    (1010, 112, 2),
    (1010, 123, 1),
    (1010, 124, 1),
    (1011, 122, 2),
    (1012, 123, 2),
    (1013, 112, 1),
    (1013, 114, 1),
    (1013, 117, 1),
    (1013, 124, 2);

INSERT INTO musical_styles
    (style_id, style_name)
VALUES
    (1, '40''s ballroom music'),
    (2, '50''s music'),
    (3, '60''s music'),
    (4, '70''s music'),
    (5, '80''s music'),
    (6, 'Country'),
    (7, 'Classical'),
    (8, 'Classic rock & roll'),
    (9, 'Rap'),
    (10, 'Contemporary'),
    (11, 'Country rock'),
    (12, 'Elvis'),
    (13, 'Folk'),
    (14, 'Chamber music'),
    (15, 'Jazz'),
    (16, 'Karaoke'),
    (17, 'Motown'),
    (18, 'Modern rock'),
    (19, 'Rhythm and blues'),
    (20, 'Show tunes'),
    (21, 'Standards'),
    (22, 'Top 40 hits'),
    (23, 'Variety'),
    (24, 'Salsa'),
    (25, '90''s music');

INSERT INTO entertainer_styles
    (entertainer_id, style_id)
VALUES
    (1001, 10),
    (1001, 20),
    (1001, 21),
    (1002, 17),
    (1002, 19),
    (1002, 23),
    (1003, 3),
    (1003, 8),
    (1004, 13),
    (1005, 15),
    (1005, 19),
    (1005, 24),
    (1006, 22),
    (1006, 23),
    (1006, 24),
    (1007, 6),
    (1007, 11),
    (1008, 3),
    (1008, 6),
    (1009, 7),
    (1009, 14),
    (1009, 21),
    (1010, 4),
    (1010, 21),
    (1010, 22),
    (1011, 7),
    (1011, 14),
    (1011, 20),
    (1012, 7),
    (1012, 13),
    (1013, 10),
    (1013, 15);

INSERT INTO musical_preferences
    (customer_id, style_id)
VALUES
    (10001, 10),
    (10001, 22),
    (10002, 3),
    (10002, 8),
    (10003, 17),
    (10003, 19),
    (10004, 15),
    (10004, 21),
    (10005, 7),
    (10005, 14),
    (10006, 13),
    (10006, 23),
    (10007, 4),
    (10007, 8),
    (10007, 19),
    (10008, 10),
    (10008, 21),
    (10009, 6),
    (10009, 11),
    (10009, 18),
    (10010, 15),
    (10010, 19),
    (10010, 24),
    (10011, 1),
    (10011, 7),
    (10011, 21),
    (10012, 10),
    (10012, 20),
    (10013, 15),
    (10013, 24),
    (10014, 5),
    (10014, 18),
    (10014, 22),
    (10015, 1),
    (10015, 20),
    (10015, 21);
